DATA,FLOW
1/1/2003,0.59
1/2/2003,0.61
1/2/2003,0.58
1/2/2003,0.57
1/2/2003,0.62
1/2/2003,0.6
1/2/2003,0.58
1/2/2003,0.56
1/3/2003,0.62
1/3/2003,0.6
1/3/2003,0.58
1/3/2003,0.56
1/4/2003,0.62
1/4/2003,0.6
1/4/2003,0.58
1/4/2003,0.56
1/5/2003,0.62
1/5/2003,0.6
1/5/2003,0.58
1/5/2003,0.56
1/6/2003,0.62
1/6/2003,0.6
1/6/2003,0.58
1/6/2003,0.56
1/6/2003,0.62
1/6/2003,0.6
1/6/2003,0.58
1/6/2003,0.56
1/7/2003,0.62
1/7/2003,0.6
1/7/2003,0.58
1/7/2003,0.56
1/8/2003,0.62
1/8/2003,0.6
1/8/2003,0.58
1/8/2003,0.56
1/9/2003,0.62
1/9/2003,0.6
1/9/2003,0.58
1/9/2003,0.56
1/10/2003,0.62
1/10/2003,0.6
1/10/2003,0.58
1/10/2003,0.56
1/10/2003,0.62
1/10/2003,0.6
1/10/2003,0.58
1/10/2003,0.56
1/11/2003,0.65
1/11/2003,0.61
1/11/2003,0.58
1/11/2003,0.57
1/12/2003,0.67
1/12/2003,0.64
1/12/2003,0.61
1/12/2003,0.59
1/12/2003,0.68
1/12/2003,0.66
1/12/2003,0.63
1/13/2003,0.71
1/13/2003,0.61
1/13/2003,0.68
1/13/2003,0.66
1/13/2003,0.63
1/14/2003,0.71
1/14/2003,0.68
1/14/2003,0.66
1/14/2003,0.64
1/14/2003,0.71
1/15/2003,0.68
1/15/2003,0.66
1/15/2003,0.64
1/15/2003,0.71
1/16/2003,0.68
1/16/2003,0.66
1/16/2003,0.64
1/16/2003,0.71
1/16/2003,0.67
1/16/2003,0.64
1/17/2003,0.73
1/17/2003,0.7
1/17/2003,0.67
1/17/2003,0.65
1/18/2003,0.75
1/18/2003,0.72
1/18/2003,0.69
1/18/2003,0.68
1/18/2003,0.76
1/18/2003,0.73
1/18/2003,0.7
1/19/2003,0.68
1/19/2003,0.78
1/19/2003,0.75
1/19/2003,0.72
1/19/2003,0.69
1/20/2003,0.78
1/20/2003,0.75
1/20/2003,0.72
1/20/2003,0.7
1/21/2003,0.78
1/21/2003,0.75
1/21/2003,0.72
1/21/2003,0.7
1/22/2003,0.79
1/22/2003,0.76
1/22/2003,0.73
1/22/2003,0.71
1/22/2003,0.82
1/22/2003,0.79
1/22/2003,0.76
1/22/2003,0.73
1/22/2003,0.71
1/23/2003,0.82
1/23/2003,0.79
1/23/2003,0.76
1/23/2003,0.74
1/24/2003,0.82
1/24/2003,0.79
1/24/2003,0.76
1/24/2003,0.74
1/24/2003,0.82
1/25/2003,0.79
1/25/2003,0.76
1/25/2003,0.74
1/25/2003,0.82
1/26/2003,0.79
1/26/2003,0.76
1/26/2003,0.74
1/26/2003,0.82
1/26/2003,0.79
1/26/2003,0.76
1/26/2003,0.74
1/27/2003,0.85
1/27/2003,0.81
1/27/2003,0.78
1/27/2003,0.75
1/28/2003,0.87
1/28/2003,0.83
1/28/2003,0.8
1/28/2003,0.78
1/28/2003,0.87
1/28/2003,0.83
1/28/2003,0.8
1/29/2003,0.78
1/29/2003,0.87
1/29/2003,0.83
1/29/2003,0.8
1/30/2003,0.78
1/30/2003,0.86
1/30/2003,0.83
1/30/2003,0.8
1/30/2003,0.76
1/31/2003,0.82
1/31/2003,0.79
1/31/2003,0.74
1/31/2003,0.76
2/1/2003,0.82
2/1/2003,0.79
2/1/2003,0.73
2/1/2003,0.76
2/1/2003,0.82
2/1/2003,0.79
2/1/2003,0.73
2/2/2003,0.85
2/2/2003,0.76
2/2/2003,0.8
2/3/2003,0.87
2/2/2003,0.83
2/2/2003,0.78
2/2/2003,0.75
2/3/2003,0.8
2/3/2003,0.87
2/3/2003,0.83
2/3/2003,0.78
2/4/2003,0.8
2/4/2003,0.87
2/4/2003,0.83
2/4/2003,0.78
2/5/2003,0.8
2/5/2003,0.75
2/5/2003,0.82
2/5/2003,0.79
2/5/2003,0.76
2/5/2003,0.74
2/6/2003,0.82
2/6/2003,0.79
2/6/2003,0.76
2/6/2003,0.74
2/7/2003,0.82
2/7/2003,0.79
2/7/2003,0.76
2/7/2003,0.74
2/8/2003,0.82
2/8/2003,0.79
2/8/2003,0.76
2/8/2003,0.74
2/8/2003,0.82
2/8/2003,0.79
2/8/2003,0.76
2/8/2003,0.74
2/9/2003,0.82
2/9/2003,0.79
2/9/2003,0.76
2/9/2003,0.74
2/10/2003,0.82
2/10/2003,0.79
2/10/2003,0.76
2/10/2003,0.74
2/11/2003,0.82
2/11/2003,0.79
2/11/2003,0.76
2/11/2003,0.74
2/12/2003,0.82
2/12/2003,0.79
2/12/2003,0.76
2/12/2003,0.74
2/12/2003,0.82
2/12/2003,0.79
2/12/2003,0.76
2/12/2003,0.74
2/13/2003,0.82
2/13/2003,0.79
2/13/2003,0.76
2/13/2003,0.74
2/14/2003,0.82
2/14/2003,0.79
2/14/2003,0.76
2/14/2003,0.74
2/15/2003,0.77
2/15/2003,0.75
2/15/2003,0.72
2/15/2003,0.7
2/16/2003,0.77
2/16/2003,0.75
2/16/2003,0.72
2/16/2003,0.7
2/16/2003,0.77
2/16/2003,0.75
2/16/2003,0.72
2/16/2003,0.7
2/17/2003,0.77
2/17/2003,0.75
2/17/2003,0.72
2/17/2003,0.7
2/18/2003,0.77
2/18/2003,0.75
2/18/2003,0.72
2/18/2003,0.7
2/19/2003,0.77
2/19/2003,0.75
2/19/2003,0.72
2/19/2003,0.7
2/20/2003,0.77
2/20/2003,0.75
2/20/2003,0.72
2/20/2003,0.7
2/20/2003,0.77
2/20/2003,0.75
2/20/2003,0.72
2/20/2003,0.7
2/21/2003,0.77
2/21/2003,0.75
2/21/2003,0.72
2/21/2003,0.7
2/22/2003,0.77
2/22/2003,0.75
2/22/2003,0.72
2/22/2003,0.7
2/23/2003,0.77
2/23/2003,0.75
2/23/2003,0.72
2/23/2003,0.7
2/24/2003,0.77
2/24/2003,0.75
2/24/2003,0.72
2/24/2003,0.7
2/24/2003,0.77
2/24/2003,0.75
2/24/2003,0.72
2/24/2003,0.7
2/25/2003,0.77
2/25/2003,0.75
2/25/2003,0.72
2/25/2003,0.7
2/26/2003,0.77
2/26/2003,0.75
2/26/2003,0.72
2/26/2003,0.7
2/27/2003,0.77
2/27/2003,0.75
2/27/2003,0.72
2/27/2003,0.7
2/28/2003,0.77
2/28/2003,0.75
2/28/2003,0.72
2/28/2003,0.7
2/28/2003,0.77
2/28/2003,0.75
2/28/2003,0.72
2/28/2003,0.7
3/1/2003,0.77
3/1/2003,0.75
3/1/2003,0.72
3/1/2003,0.7
3/2/2003,0.75
3/2/2003,0.72
3/3/2003,0.77
3/3/2003,0.75
3/3/2003,0.72
3/3/2003,0.7
3/4/2003,0.77
3/4/2003,0.75
3/4/2003,0.72
3/4/2003,0.7
3/4/2003,0.77
3/4/2003,0.75
3/4/2003,0.72
3/4/2003,0.7
3/5/2003,0.77
3/5/2003,0.75
3/5/2003,0.72
3/5/2003,0.7
3/6/2003,0.77
3/6/2003,0.75
3/6/2003,0.72
3/6/2003,0.7
3/7/2003,0.77
3/7/2003,0.74
3/7/2003,0.71
3/7/2003,0.7
3/8/2003,0.8
3/8/2003,0.77
3/8/2003,0.74
3/8/2003,0.71
3/7/2003,0.7
3/8/2003,0.82
3/8/2003,0.79
3/8/2003,0.76
3/8/2003,0.74
3/9/2003,0.82
3/9/2003,0.79
3/9/2003,0.76
3/9/2003,0.74
3/10/2003,0.82
3/10/2003,0.79
3/10/2003,0.76
3/10/2003,0.74
3/11/2003,0.82
3/11/2003,0.79
3/11/2003,0.76
3/11/2003,0.74
3/12/2003,0.82
3/12/2003,0.79
3/12/2003,0.76
3/12/2003,0.74
3/12/2003,0.82
3/12/2003,0.79
3/12/2003,0.76
3/12/2003,0.74
3/13/2003,0.82
3/13/2003,0.79
3/13/2003,0.76
3/13/2003,0.74
3/14/2003,0.85
3/14/2003,0.8
3/14/2003,0.77
3/14/2003,0.75
3/14/2003,0.86
3/14/2003,0.83
3/15/2003,0.8
3/15/2003,0.77
3/15/2003,0.86
3/15/2003,0.83
3/15/2003,0.8
3/15/2003,0.77
3/16/2003,0.86
3/16/2003,0.83
3/16/2003,0.8
3/16/2003,0.77
3/17/2003,0.86
3/17/2003,0.83
3/17/2003,0.8
3/17/2003,0.77
3/17/2003,0.86
3/17/2003,0.83
3/18/2003,0.8
3/18/2003,0.77
3/18/2003,0.86
3/18/2003,0.83
3/19/2003,0.8
3/19/2003,0.77
3/19/2003,0.86
3/19/2003,0.83
3/20/2003,0.79
3/19/2003,0.77
3/20/2003,0.9
3/20/2003,0.86
3/20/2003,0.83
3/20/2003,0.8
3/20/2003,0.78
3/21/2003,0.9
3/21/2003,0.86
3/21/2003,0.83
3/21/2003,0.8
3/22/2003,0.93
3/21/2003,0.89
3/21/2003,0.86
3/21/2003,0.83
3/22/2003,0.8
3/22/2003,1
3/22/2003,0.97
3/22/2003,0.93
3/22/2003,0.9
3/22/2003,0.86
3/22/2003,0.84
3/23/2003,1.08
3/23/2003,1.04
3/23/2003,1
3/23/2003,0.97
3/23/2003,0.93
3/23/2003,0.9
3/23/2003,0.87
3/24/2003,1.68
3/23/2003,1.6
3/23/2003,1.54
3/23/2003,1.49
3/23/2003,1.44
3/23/2003,1.38
3/23/2003,1.33
3/23/2003,1.28
3/23/2003,1.24
3/23/2003,1.19
3/23/2003,1.15
3/23/2003,1.11
3/23/2003,1.07
3/23/2003,1.03
3/24/2003,0.98
3/24/2003,0.94
3/24/2003,0.91
3/24/2003,0.89
3/24/2003,1.98
3/24/2003,1.91
3/24/2003,1.74
3/24/2003,1.66
3/24/2003,1.6
3/24/2003,1.54
3/24/2003,1.49
3/24/2003,1.44
3/24/2003,1.38
3/24/2003,1.33
3/24/2003,1.28
3/24/2003,1.24
3/24/2003,1.19
3/24/2003,1.15
3/24/2003,1.11
3/24/2003,1.07
3/24/2003,1.03
3/25/2003,2.56
3/25/2003,2.45
3/25/2003,2.36
3/25/2003,2.27
3/25/2003,2.19
3/25/2003,2.11
3/25/2003,2.04
3/25/2003,1.84
3/25/2003,0.98
3/25/2003,0.94
3/24/2003,0.92
3/25/2003,1.94
3/25/2003,1.74
3/25/2003,1.68
3/25/2003,1.62
3/25/2003,1.56
3/25/2003,1.5
3/25/2003,1.45
3/25/2003,1.4
3/25/2003,1.35
3/25/2003,1.3
3/25/2003,1.25
3/25/2003,1.2
3/25/2003,1.16
3/25/2003,1.12
3/25/2003,1.08
3/25/2003,1.04
3/26/2003,4.06
3/25/2003,3.88
3/25/2003,3.74
3/25/2003,3.6
3/25/2003,3.47
3/25/2003,3.35
3/25/2003,3.23
3/25/2003,3.11
3/25/2003,3
3/25/2003,2.89
3/25/2003,2.79
3/25/2003,2.68
3/25/2003,2.59
3/25/2003,2.49
3/25/2003,2.4
3/25/2003,2.32
3/25/2003,2.23
3/25/2003,2.15
3/25/2003,2.07
3/25/2003,2
3/26/2003,1.87
3/25/2003,1.79
3/26/2003,1.71
3/26/2003,1.64
3/26/2003,1.59
3/26/2003,1.53
3/26/2003,1.48
3/26/2003,1.42
3/26/2003,1.37
3/26/2003,1.32
3/26/2003,1.27
3/26/2003,1.23
3/26/2003,1.18
3/26/2003,1.14
3/26/2003,1.1
3/26/2003,1.07
3/26/2003,7.74
3/26/2003,7.5
3/26/2003,6.93
3/26/2003,6.68
3/26/2003,5.98
3/26/2003,5.77
3/26/2003,4.98
3/26/2003,4.8
3/26/2003,4.22
3/26/2003,4.03
3/26/2003,3.88
3/26/2003,3.74
3/26/2003,3.6
3/26/2003,3.47
3/26/2003,3.35
3/26/2003,3.23
3/26/2003,3.11
3/26/2003,3
3/26/2003,2.89
3/26/2003,2.79
3/26/2003,2.68
3/26/2003,2.59
3/26/2003,2.49
3/26/2003,2.4
3/26/2003,2.32
3/26/2003,2.23
3/26/2003,2.15
3/26/2003,2.07
3/26/2003,2
3/26/2003,1.93
3/26/2003,1.86
3/26/2003,1.79
3/27/2003,7.19
3/27/2003,6.44
3/27/2003,6.15
3/27/2003,5.56
3/27/2003,5.31
3/27/2003,5.12
3/27/2003,4.62
3/27/2003,4.41
3/27/2003,1.71
3/26/2003,1.66
3/27/2003,7.89
3/27/2003,7.6
3/27/2003,6.81
3/27/2003,5.87
3/27/2003,4.88
3/27/2003,4.22
3/27/2003,4.06
3/27/2003,3.92
3/27/2003,3.77
3/27/2003,3.64
3/27/2003,3.51
3/27/2003,3.38
3/27/2003,3.26
3/27/2003,3.14
3/27/2003,3.03
3/27/2003,2.92
3/27/2003,2.81
3/27/2003,2.71
3/27/2003,2.61
3/27/2003,2.53
3/27/2003,2.43
3/27/2003,2.34
3/27/2003,2.25
3/27/2003,2.17
3/27/2003,2.09
3/27/2003,2.02
3/27/2003,1.94
3/27/2003,1.87
3/27/2003,1.81
3/28/2003,10.99
3/27/2003,10.49
3/27/2003,10.11
3/27/2003,9.75
3/27/2003,9.39
3/27/2003,9.05
3/27/2003,8.73
3/27/2003,8.41
3/27/2003,8.11
3/28/2003,7.33
3/27/2003,7
3/28/2003,6.56
3/27/2003,6.26
3/27/2003,6.04
3/28/2003,5.66
3/27/2003,5.41
3/27/2003,5.21
3/27/2003,5.02
3/28/2003,4.71
3/27/2003,4.5
3/27/2003,4.33
3/28/2003,7.74
3/28/2003,4.14
3/28/2003,3.99
3/28/2003,3.84
3/28/2003,3.71
3/28/2003,3.57
3/28/2003,3.44
3/28/2003,3.32
3/28/2003,3.2
3/28/2003,3.05
3/28/2003,2.94
3/28/2003,2.86
3/28/2003,2.76
3/28/2003,2.66
3/28/2003,2.56
3/28/2003,11.19
3/28/2003,10.79
3/28/2003,10.4
3/28/2003,10.02
3/28/2003,9.66
3/28/2003,9.31
3/28/2003,8.97
3/28/2003,8.65
3/28/2003,8.33
3/28/2003,8.03
3/28/2003,7.46
3/28/2003,7.19
3/28/2003,6.93
3/28/2003,6.68
3/28/2003,6.44
3/28/2003,6.21
3/28/2003,5.98
3/28/2003,5.77
3/28/2003,5.56
3/28/2003,5.36
3/28/2003,5.16
3/28/2003,4.98
3/28/2003,4.8
3/28/2003,4.62
3/28/2003,4.45
3/28/2003,4.29
3/29/2003,15.59
3/29/2003,15.03
3/29/2003,14.48
3/29/2003,13.96
3/29/2003,13.45
3/29/2003,12.97
3/29/2003,12.5
3/28/2003,12.16
3/29/2003,7.74
3/29/2003,4.14
3/28/2003,4.03
3/29/2003,10.89
3/29/2003,10.49
3/29/2003,10.11
3/29/2003,9.75
3/29/2003,9.39
3/29/2003,9.05
3/29/2003,8.73
3/29/2003,8.41
3/29/2003,8.11
3/29/2003,7.33
3/29/2003,7.06
3/29/2003,6.81
3/29/2003,6.56
3/29/2003,6.32
3/29/2003,6.09
3/29/2003,5.87
3/29/2003,5.66
3/29/2003,5.46
3/29/2003,5.26
3/29/2003,5.07
3/29/2003,4.88
3/29/2003,4.71
3/29/2003,4.54
3/29/2003,4.37
3/30/2003,18.74
3/30/2003,18.07
3/29/2003,17.41
3/29/2003,16.78
3/29/2003,16.17
3/29/2003,15.59
3/29/2003,15.03
3/29/2003,14.48
3/29/2003,13.96
3/29/2003,13.52
3/29/2003,7.74
3/30/2003,10.79
3/30/2003,10.4
3/30/2003,10.02
3/30/2003,9.66
3/30/2003,9.31
3/30/2003,8.97
3/30/2003,8.69
3/30/2003,8.33
3/30/2003,7.96
3/30/2003,19.45
3/30/2003,18.74
3/30/2003,18.06
3/30/2003,17.41
3/30/2003,16.78
3/30/2003,16.17
3/30/2003,15.59
3/30/2003,15.03
3/30/2003,14.48
3/30/2003,14.02
3/31/2003,11.24
3/31/2003,19.81
3/31/2003,18.92
3/31/2003,18.23
3/31/2003,17.57
3/31/2003,16.94
3/31/2003,16.32
3/31/2003,15.73
3/31/2003,15.23
3/31/2003,14.75
3/31/2003,14.35
4/1/2003,20.36
4/1/2003,19.63
4/1/2003,18.92
4/1/2003,18.23
4/1/2003,17.57
4/1/2003,16.94
4/1/2003,16.47
4/1/2003,15.88
4/1/2003,15.45
4/2/2003,19.81
4/2/2003,19.09
4/2/2003,18.4
4/2/2003,17.73
4/2/2003,17.09
4/2/2003,19.62
4/2/2003,18.91
4/2/2003,18.4
4/2/2003,16.17
4/2/2003,15.59
4/2/2003,15.02
4/2/2003,14.48
4/2/2003,14.02
4/3/2003,16.17
4/3/2003,15.59
4/3/2003,15.02
4/3/2003,14.48
4/3/2003,13.96
4/3/2003,13.51
4/4/2003,12.97
4/4/2003,12.5
4/4/2003,12.04
4/4/2003,11.66
4/4/2003,16.17
4/4/2003,15.59
4/4/2003,15.02
4/4/2003,14.48
4/4/2003,13.96
4/4/2003,13.45
4/4/2003,12.97
4/4/2003,12.5
4/4/2003,12.04
4/4/2003,11.61
4/4/2003,11.19
4/4/2003,10.78
4/4/2003,10.39
4/4/2003,10.02
4/4/2003,9.7
4/5/2003,16.17
4/5/2003,15.59
4/5/2003,15.02
4/5/2003,14.48
4/5/2003,13.96
4/5/2003,13.45
4/5/2003,12.96
4/5/2003,12.38
4/5/2003,11.93
4/5/2003,11.5
4/5/2003,11.09
4/5/2003,10.68
4/5/2003,10.3
4/5/2003,9.93
4/5/2003,9.57
4/5/2003,9.22
4/5/2003,8.89
4/5/2003,8.73
4/6/2003,14.09
4/6/2003,13.58
4/6/2003,8.51
4/6/2003,12.96
4/6/2003,12.5
4/6/2003,11.93
4/6/2003,11.5
4/6/2003,11.09
4/6/2003,10.68
4/6/2003,10.3
4/6/2003,9.93
4/6/2003,9.57
4/6/2003,9.22
4/6/2003,8.89
4/6/2003,8.49
4/6/2003,8.18
4/6/2003,7.88
4/6/2003,7.6
4/6/2003,7.32
4/6/2003,7.06
4/7/2003,11.82
4/7/2003,11.4
4/7/2003,10.98
4/7/2003,10.59
4/7/2003,10.11
4/7/2003,9.74
4/7/2003,9.39
4/7/2003,9.05
4/7/2003,8.72
4/7/2003,8.33
4/7/2003,7.96
4/7/2003,7.67
4/7/2003,7.39
4/7/2003,7.12
4/7/2003,6.87
4/7/2003,6.62
4/7/2003,5.98
4/8/2003,9.83
4/8/2003,9.48
4/8/2003,9.14
4/8/2003,8.81
4/8/2003,6.32
4/8/2003,8.49
4/8/2003,8.1
4/8/2003,7.81
4/8/2003,7.53
4/8/2003,7.26
4/8/2003,6.99
4/8/2003,6.74
4/8/2003,6.5
4/8/2003,6.09
4/8/2003,5.82
4/8/2003,5.56
4/8/2003,5.35
4/8/2003,5.16
4/9/2003,8.64
4/9/2003,8.33
4/9/2003,7.96
4/9/2003,7.67
4/9/2003,7.39
4/9/2003,7.12
4/9/2003,6.87
4/9/2003,6.62
4/9/2003,6.38
4/9/2003,6.15
4/9/2003,5.93
4/9/2003,5.71
4/9/2003,5.04
4/9/2003,5.45
4/9/2003,5.21
4/9/2003,4.88
4/9/2003,4.71
4/10/2003,7.12
4/10/2003,6.87
4/10/2003,6.62
4/10/2003,6.38
4/10/2003,6.15
4/10/2003,5.93
4/10/2003,5.71
4/10/2003,5.45
4/10/2003,5.21
4/10/2003,5.02
4/10/2003,4.84
4/10/2003,4.66
4/10/2003,4.54
4/10/2003,5.93
4/10/2003,5.71
4/11/2003,5.45
4/11/2003,5.26
4/11/2003,5.07
4/11/2003,4.88
4/11/2003,4.71
4/11/2003,4.54
4/11/2003,4.39
4/11/2003,5.87
4/11/2003,5.66
4/12/2003,5.45
4/12/2003,5.26
4/12/2003,5.07
4/12/2003,4.88
4/12/2003,4.71
4/12/2003,4.54
4/12/2003,4.37
4/12/2003,4.25
4/12/2003,7.74
4/12/2003,7.39
4/12/2003,7.12
4/12/2003,6.87
4/12/2003,6.62
4/12/2003,6.38
4/12/2003,6.15
4/12/2003,5.92
4/12/2003,5.71
4/12/2003,5.5
4/12/2003,5.31
4/12/2003,5.11
4/12/2003,4.93
4/12/2003,4.75
4/12/2003,4.58
4/12/2003,4.43
4/13/2003,10.02
4/13/2003,9.56
4/13/2003,9.22
4/13/2003,8.89
4/13/2003,8.72
4/13/2003,8.03
4/13/2003,7.67
4/13/2003,7.39
4/13/2003,7.12
4/13/2003,6.87
4/13/2003,6.62
4/13/2003,6.38
4/13/2003,6.15
4/13/2003,5.92
4/13/2003,5.71
4/13/2003,5.5
4/13/2003,5.3
4/13/2003,5.11
4/13/2003,4.93
4/13/2003,4.75
4/13/2003,4.62
4/14/2003,12.27
4/14/2003,11.71
4/14/2003,11.29
4/14/2003,10.88
4/14/2003,10.49
4/14/2003,8.49
4/14/2003,10.02
4/14/2003,9.65
4/14/2003,9.3
4/14/2003,8.97
4/14/2003,8.03
4/14/2003,7.74
4/14/2003,7.46
4/14/2003,7.19
4/14/2003,6.93
4/14/2003,6.68
4/14/2003,6.44
4/14/2003,6.2
4/14/2003,5.98
4/14/2003,5.76
4/14/2003,5.55
4/14/2003,5.35
4/14/2003,5.16
4/14/2003,4.97
4/14/2003,4.79
4/14/2003,4.66
4/14/2003,16.78
4/14/2003,16.02
4/14/2003,15.44
4/14/2003,14.88
4/14/2003,14.34
4/14/2003,13.83
4/14/2003,13.33
4/14/2003,12.84
4/14/2003,12.38
4/14/2003,11.93
4/14/2003,11.5
4/14/2003,11.08
4/14/2003,10.68
4/14/2003,10.3
4/14/2003,8.64
4/14/2003,8.25
4/15/2003,9.83
4/15/2003,9.39
4/15/2003,9.05
4/15/2003,7.88
4/15/2003,7.56
4/15/2003,7.32
4/15/2003,6.99
4/15/2003,6.74
4/15/2003,6.56
4/15/2003,6.32
4/15/2003,6.03
4/15/2003,5.82
4/15/2003,5.66
4/15/2003,5.45
4/15/2003,5.3
4/15/2003,19.44
4/15/2003,18.82
4/15/2003,17.4
4/15/2003,16.78
4/15/2003,16.17
4/15/2003,15.58
4/15/2003,15.02
4/15/2003,14.48
4/15/2003,13.95
4/15/2003,13.45
4/15/2003,12.96
4/15/2003,12.49
4/15/2003,12.04
4/15/2003,11.61
4/15/2003,11.19
4/15/2003,10.78
4/15/2003,10.39
4/15/2003,8.64
4/15/2003,8.33
4/16/2003,18.06
4/16/2003,10.02
4/16/2003,9.56
4/16/2003,9.22
4/16/2003,8.88
4/16/2003,8.03
4/16/2003,7.7
4/16/2003,19.8
4/16/2003,18.91
4/16/2003,17.09
4/16/2003,16.32
4/16/2003,15.73
4/16/2003,15.16
4/16/2003,14.61
4/16/2003,14.08
4/16/2003,13.57
4/16/2003,13.08
4/16/2003,12.61
4/16/2003,12.21
4/16/2003,11.82
4/16/2003,11.39
4/16/2003,10.98
4/16/2003,10.58
4/16/2003,8.49
4/16/2003,18.06
4/17/2003,20.54
4/17/2003,19.62
4/17/2003,18.91
4/17/2003,17.09
4/17/2003,16.39
4/17/2003,15.87
4/17/2003,15.3
4/17/2003,14.75
4/17/2003,14.21
4/17/2003,13.7
4/17/2003,13.2
4/17/2003,12.72
4/17/2003,12.26
4/17/2003,18.06
4/18/2003,22.52
4/18/2003,21.71
4/18/2003,20.92
4/18/2003,20.17
4/18/2003,19.44
4/18/2003,18.73
4/18/2003,17.4
4/18/2003,16.85
4/18/2003,18.06
4/18/2003,23.37
4/18/2003,22.32
4/18/2003,21.51
4/18/2003,20.73
4/18/2003,19.98
4/18/2003,19.35
4/19/2003,24.25
4/19/2003,23.15
4/19/2003,22.32
4/19/2003,21.51
4/19/2003,20.92
4/19/2003,19.8
4/20/2003,24.7
4/20/2003,23.8
4/20/2003,22.94
4/20/2003,22.11
4/20/2003,21.51
4/21/2003,24.7
4/21/2003,23.8
4/21/2003,22.94
4/21/2003,22.11
4/21/2003,21.41
4/22/2003,24.47
4/22/2003,23.58
4/22/2003,22.73
4/22/2003,21.91
4/22/2003,21.21
4/22/2003,23.58
4/22/2003,22.73
4/22/2003,21.91
4/22/2003,20.54
4/23/2003,22.73
4/23/2003,21.91
4/23/2003,21.11
4/23/2003,20.35
4/23/2003,19.61
4/23/2003,18.91
4/24/2003,21.91
4/24/2003,21.11
4/24/2003,20.35
4/24/2003,19.61
4/24/2003,18.9
4/24/2003,18.22
4/25/2003,21.11
4/25/2003,20.35
4/25/2003,19.61
4/25/2003,18.9
4/25/2003,18.22
4/25/2003,17.56
4/26/2003,20.35
4/26/2003,19.61
4/26/2003,18.9
4/26/2003,18.22
4/26/2003,17.56
4/26/2003,16.93
4/26/2003,16.31
4/26/2003,15.72
4/26/2003,15.3
4/26/2003,18.9
4/26/2003,18.22
4/26/2003,17.56
4/26/2003,16.93
4/26/2003,16.31
4/26/2003,15.72
4/26/2003,15.15
4/26/2003,14.61
4/26/2003,14.08
4/26/2003,13.57
4/27/2003,18.22
4/27/2003,17.56
4/27/2003,16.93
4/27/2003,16.31
4/27/2003,15.72
4/27/2003,15.15
4/27/2003,14.61
4/27/2003,14.08
4/27/2003,13.57
4/27/2003,13.08
4/28/2003,12.49
4/28/2003,11.93
4/28/2003,11.6
4/28/2003,17.72
4/28/2003,17.08
4/28/2003,16.46
4/28/2003,15.72
4/28/2003,15.15
4/28/2003,14.61
4/28/2003,14.08
4/28/2003,13.57
4/28/2003,13.08
4/28/2003,12.49
4/28/2003,12.04
4/28/2003,11.6
4/28/2003,11.18
4/28/2003,10.78
4/29/2003,15.58
4/29/2003,15.02
4/29/2003,14.47
4/29/2003,13.95
4/29/2003,13.44
4/29/2003,12.96
4/29/2003,10.44
4/29/2003,12.49
4/29/2003,11.93
4/29/2003,11.5
4/29/2003,11.08
4/29/2003,10.68
4/29/2003,10.01
4/29/2003,9.74
4/30/2003,13.57
4/30/2003,13.08
4/30/2003,12.49
4/30/2003,11.93
4/30/2003,11.5
4/30/2003,11.08
4/30/2003,10.68
4/30/2003,10.29
4/30/2003,9.92
4/30/2003,9.56
4/30/2003,9.22
5/1/2003,11.82
5/1/2003,11.39
5/1/2003,10.98
5/1/2003,10.58
5/1/2003,10.2
5/1/2003,9.83
5/1/2003,9.47
5/1/2003,9.13
5/1/2003,8.8
5/2/2003,10.78
5/2/2003,10.39
5/2/2003,10.01
5/2/2003,9.65
5/2/2003,9.3
5/2/2003,9.01
5/2/2003,13.44
5/2/2003,12.84
5/2/2003,12.37
5/2/2003,11.93
5/2/2003,11.49
5/2/2003,11.08
5/2/2003,10.68
5/2/2003,10.29
5/2/2003,9.92
5/2/2003,9.56
5/3/2003,9.3
5/3/2003,13.95
5/3/2003,13.44
5/3/2003,12.96
5/3/2003,12.49
5/3/2003,12.04
5/3/2003,11.6
5/3/2003,11.18
5/3/2003,10.78
5/3/2003,10.39
5/3/2003,10.01
5/3/2003,9.65
5/4/2003,15.58
5/4/2003,15.01
5/4/2003,14.47
5/4/2003,13.95
5/4/2003,13.44
5/4/2003,12.96
5/4/2003,12.49
5/4/2003,12.04
5/4/2003,11.6
5/4/2003,11.18
5/4/2003,10.78
5/4/2003,10.43
5/4/2003,10.01
5/4/2003,9.74
5/4/2003,16.77
5/4/2003,16.01
5/4/2003,15.43
5/4/2003,14.88
5/4/2003,14.34
5/5/2003,13.69
5/5/2003,13.2
5/5/2003,12.72
5/5/2003,12.26
5/5/2003,11.82
5/4/2003,11.39
5/4/2003,10.98
5/4/2003,10.68
5/5/2003,17.08
5/5/2003,16.46
5/5/2003,15.87
5/5/2003,15.29
5/5/2003,14.74
5/5/2003,14.21
5/5/2003,13.69
5/5/2003,13.32
5/6/2003,17.08
5/6/2003,16.46
5/6/2003,15.87
5/6/2003,15.29
5/6/2003,14.74
5/6/2003,14.21
5/6/2003,17.72
5/7/2003,17.08
5/7/2003,16.46
5/7/2003,15.87
5/6/2003,15.43
5/7/2003,17.72
5/7/2003,17.08
5/7/2003,16.46
5/7/2003,16.01
5/8/2003,17.72
5/8/2003,17.08
5/8/2003,16.46
5/8/2003,15.86
5/8/2003,15.43
5/9/2003,17.08
5/9/2003,16.46
5/9/2003,15.86
5/9/2003,15.43
5/10/2003,17.08
5/10/2003,16.46
5/10/2003,15.86
5/10/2003,15.29
5/10/2003,14.74
5/10/2003,14.2
5/11/2003,16.92
5/11/2003,16.31
5/11/2003,15.72
5/11/2003,15.15
5/11/2003,13.77
5/11/2003,14.47
5/11/2003,16.31
5/11/2003,15.72
5/11/2003,15.15
5/12/2003,13.69
5/11/2003,13.07
5/11/2003,12.72
5/12/2003,14.47
5/12/2003,15.57
5/12/2003,15.01
5/12/2003,13.94
5/12/2003,13.44
5/12/2003,12.95
5/12/2003,12.48
5/12/2003,12.03
5/12/2003,11.6
5/12/2003,11.23
5/13/2003,14.47
5/13/2003,13.94
5/13/2003,13.32
5/13/2003,12.83
5/13/2003,12.37
5/13/2003,11.92
5/13/2003,11.49
5/13/2003,11.08
5/13/2003,10.87
5/13/2003,10.01
5/13/2003,9.74
5/14/2003,10.58
5/14/2003,13.94
5/14/2003,13.44
5/14/2003,12.95
5/14/2003,12.48
5/14/2003,12.03
5/14/2003,11.6
5/14/2003,11.18
5/14/2003,10.01
5/14/2003,9.65
5/14/2003,10.77
5/14/2003,10.38
5/14/2003,9.3
5/14/2003,8.96
5/14/2003,12.95
5/14/2003,12.48
5/14/2003,12.03
5/15/2003,11.6
5/15/2003,11.18
5/15/2003,10.01
5/15/2003,9.65
5/15/2003,10.77
5/15/2003,10.29
5/15/2003,9.3
5/15/2003,8.92
5/15/2003,11.39
5/15/2003,9.83
5/16/2003,10.97
5/16/2003,10.48
5/16/2003,10.1
5/16/2003,9.47
5/16/2003,9.04
5/16/2003,8.72
5/16/2003,13.44
5/16/2003,12.83
5/16/2003,12.37
5/16/2003,11.92
5/16/2003,11.49
5/17/2003,10.97
5/17/2003,10.48
5/17/2003,10.1
5/17/2003,9.73
5/17/2003,9.38
5/17/2003,9.04
5/17/2003,8.72
5/16/2003,8.48
5/17/2003,19.78
5/17/2003,19.16
5/17/2003,13.94
5/17/2003,13.31
5/17/2003,12.83
5/17/2003,12.37
5/17/2003,11.92
5/17/2003,11.49
5/18/2003,25.61
5/17/2003,24.45
5/17/2003,23.57
5/17/2003,22.72
5/17/2003,21.89
5/17/2003,21.1
5/17/2003,20.34
5/18/2003,18.38
5/17/2003,17.55
5/17/2003,16.92
5/17/2003,16.38
5/17/2003,16.01
5/17/2003,10.97
5/17/2003,10.48
5/17/2003,10.1
5/17/2003,9.73
5/17/2003,9.38
5/17/2003,9.04
5/17/2003,8.8
5/18/2003,19.42
5/18/2003,13.81
5/18/2003,13.31
5/18/2003,12.83
5/18/2003,12.37
5/18/2003,11.92
5/18/2003,11.49
5/18/2003,37.01
5/18/2003,35.34
5/18/2003,34.07
5/18/2003,32.83
5/18/2003,31.65
5/18/2003,30.5
5/18/2003,29.4
5/18/2003,28.34
5/18/2003,27.31
5/18/2003,26.32
5/18/2003,25.37
5/18/2003,24.45
5/18/2003,23.57
5/18/2003,22.72
5/18/2003,21.89
5/18/2003,21.1
5/18/2003,20.34
5/18/2003,18.38
5/18/2003,17.55
5/18/2003,17
5/18/2003,16.61
5/18/2003,10.97
5/18/2003,10.48
5/18/2003,10.1
5/18/2003,9.78
5/18/2003,9.56
5/19/2003,19.42
5/18/2003,13.44
5/18/2003,12.95
5/18/2003,12.48
5/18/2003,12.03
5/18/2003,11.6
5/19/2003,38.4
5/19/2003,36.67
5/19/2003,35.34
5/19/2003,34.07
5/19/2003,32.83
5/19/2003,31.65
5/19/2003,30.5
5/19/2003,29.4
5/19/2003,28.33
5/19/2003,27.31
5/19/2003,26.32
5/19/2003,25.37
5/19/2003,24.45
5/19/2003,23.57
5/19/2003,22.72
5/19/2003,21.89
5/19/2003,21.1
5/19/2003,20.34
5/19/2003,18.38
5/19/2003,17.55
5/19/2003,16.92
5/19/2003,16.46
5/19/2003,10.01
5/19/2003,9.73
5/19/2003,19.42
5/20/2003,39.11
5/20/2003,37.7
5/20/2003,36.33
5/20/2003,35.02
5/20/2003,33.75
5/20/2003,32.53
5/20/2003,31.36
5/20/2003,30.22
5/20/2003,29.13
5/20/2003,28.07
5/20/2003,27.06
5/20/2003,26.08
5/20/2003,25.25
5/20/2003,24.23
5/20/2003,23.35
5/20/2003,22.51
5/20/2003,21.69
5/20/2003,20.91
5/20/2003,20.15
5/20/2003,18.72
5/20/2003,18.04
5/20/2003,17.39
5/20/2003,16.76
5/20/2003,16.3
5/21/2003,38.75
5/21/2003,37.35
5/21/2003,36
5/21/2003,34.7
5/21/2003,33.44
5/21/2003,32.23
5/21/2003,31.07
5/21/2003,29.94
5/21/2003,28.86
5/21/2003,27.82
5/21/2003,26.81
5/21/2003,25.84
5/21/2003,25.14
5/21/2003,37.35
5/21/2003,36
5/21/2003,34.7
5/21/2003,33.44
5/21/2003,32.23
5/21/2003,31.07
5/21/2003,29.94
5/21/2003,28.86
5/21/2003,27.82
5/21/2003,26.81
5/21/2003,25.84
5/21/2003,24.91
5/21/2003,24.23
5/22/2003,34.06
5/22/2003,32.83
5/22/2003,31.64
5/22/2003,30.5
5/22/2003,29.4
5/22/2003,28.33
5/22/2003,27.31
5/22/2003,26.32
5/22/2003,25.37
5/22/2003,24.45
5/22/2003,23.57
5/22/2003,22.71
5/22/2003,21.89
5/22/2003,21.3
5/23/2003,29.94
5/23/2003,28.86
5/23/2003,27.81
5/23/2003,26.81
5/23/2003,25.84
5/23/2003,24.9
5/23/2003,24
5/23/2003,23.14
5/23/2003,22.3
5/23/2003,21.49
5/23/2003,20.71
5/23/2003,19.78
5/23/2003,19.07
5/23/2003,18.49
5/24/2003,29.13
5/24/2003,28.07
5/24/2003,27.06
5/24/2003,26.08
5/24/2003,24.9
5/24/2003,24
5/24/2003,23.13
5/24/2003,22.3
5/24/2003,21.49
5/24/2003,20.71
5/24/2003,19.96
5/24/2003,19.24
5/24/2003,18.38
5/24/2003,17.71
5/24/2003,17.07
5/24/2003,16.45
5/24/2003,24.68
5/24/2003,23.78
5/24/2003,22.92
5/25/2003,22.09
5/25/2003,21.29
5/25/2003,20.52
5/25/2003,19.78
5/25/2003,19.07
5/25/2003,15.93
5/25/2003,18.38
5/25/2003,17.55
5/25/2003,16.91
5/25/2003,16.3
5/25/2003,21.49
5/25/2003,20.71
5/25/2003,19.96
5/25/2003,19.24
5/25/2003,15.57
5/25/2003,14.87
5/25/2003,14.6
5/26/2003,18.38
5/26/2003,17.71
5/26/2003,17.07
5/26/2003,16.45
5/26/2003,18.89
5/26/2003,15.86
5/26/2003,15.14
5/26/2003,14.6
5/26/2003,14.07
5/26/2003,13.56
5/26/2003,18.04
5/26/2003,17.39
5/27/2003,16.76
5/27/2003,16.15
5/27/2003,15.43
5/27/2003,14.87
5/27/2003,14.33
5/27/2003,13.81
5/27/2003,13.31
5/27/2003,13.07
5/27/2003,12.71
5/27/2003,12.14
5/27/2003,11.7
5/28/2003,16.15
5/28/2003,15.57
5/28/2003,15
5/28/2003,14.46
5/28/2003,13.94
5/28/2003,13.43
5/28/2003,12.95
5/28/2003,12.37
5/28/2003,11.92
5/28/2003,11.49
5/28/2003,11.07
5/28/2003,10.67
5/28/2003,10.29
5/28/2003,10.1
5/28/2003,14.73
5/29/2003,14.07
5/29/2003,13.56
5/29/2003,12.95
5/29/2003,12.37
5/29/2003,11.92
5/29/2003,11.49
5/29/2003,11.07
5/29/2003,10.67
5/29/2003,10.29
5/29/2003,9.91
5/29/2003,13.56
5/29/2003,9.47
5/29/2003,9.04
5/29/2003,8.79
5/30/2003,12.95
5/30/2003,12.48
5/30/2003,11.92
5/30/2003,11.49
5/30/2003,11.07
5/30/2003,10.67
5/30/2003,10.28
5/30/2003,9.91
5/30/2003,9.47
5/30/2003,9.12
5/30/2003,8.79
5/30/2003,8.48
5/30/2003,8.17
5/30/2003,7.87
5/30/2003,11.81
5/30/2003,11.38
5/30/2003,10.97
5/31/2003,10.57
5/31/2003,10.19
5/31/2003,9.82
5/31/2003,7.62
5/31/2003,9.47
5/31/2003,9.04
5/31/2003,8.71
5/31/2003,8.4
5/31/2003,8.09
5/31/2003,7.8
5/31/2003,10.28
5/31/2003,9.91
5/31/2003,7.45
5/31/2003,7.12
5/31/2003,6.99
6/1/2003,9.47
6/1/2003,9.04
6/1/2003,8.71
6/1/2003,8.4
6/1/2003,8.09
6/1/2003,7.8
6/1/2003,7.45
6/1/2003,7.25
6/1/2003,6.79
6/1/2003,6.55
6/1/2003,6.37
6/2/2003,8.88
6/1/2003,8.63
6/1/2003,8.32
6/2/2003,8.02
6/2/2003,7.73
6/2/2003,7.59
6/2/2003,7.84
6/2/2003,7.08
6/2/2003,6.14
6/2/2003,5.92
6/2/2003,5.7
6/2/2003,5.52
6/3/2003,5.92
6/3/2003,5.7
6/3/2003,5.5
6/3/2003,5.3
6/3/2003,5.11
6/3/2003,4.92
6/3/2003,4.74
6/3/2003,4.61
6/4/2003,5.7
6/4/2003,5.5
6/4/2003,5.3
6/4/2003,5.11
6/4/2003,4.92
6/4/2003,4.74
6/4/2003,4.57
6/4/2003,4.45
6/5/2003,5.5
6/5/2003,5.3
6/5/2003,5.11
6/5/2003,4.92
6/5/2003,4.74
6/5/2003,4.57
6/5/2003,4.41
6/5/2003,4.27
6/5/2003,5.35
6/6/2003,5.11
6/6/2003,4.92
6/6/2003,4.74
6/6/2003,4.57
6/6/2003,4.41
6/6/2003,4.27
6/6/2003,4.92
6/6/2003,4.74
6/6/2003,4.57
6/6/2003,4.41
6/6/2003,4.25
6/7/2003,4.88
6/7/2003,4.7
6/7/2003,4.53
6/7/2003,4.41
6/8/2003,4.88
6/8/2003,4.7
6/8/2003,4.53
6/8/2003,4.37
6/8/2003,4.23
6/9/2003,4.74
6/9/2003,4.57
6/9/2003,4.41
6/9/2003,4.21
6/9/2003,4.06
6/9/2003,4.66
6/9/2003,4.49
6/9/2003,4.33
6/10/2003,4.13
6/10/2003,3.95
6/10/2003,3.87
6/10/2003,4.49
6/10/2003,4.33
6/11/2003,4.13
6/11/2003,3.98
6/11/2003,3.87
6/11/2003,4.29
6/11/2003,4.13
6/11/2003,3.98
6/11/2003,3.87
6/12/2003,4.29
6/12/2003,4.13
6/12/2003,3.98
6/12/2003,3.87
6/13/2003,4.29
6/13/2003,4.13
6/13/2003,3.98
6/13/2003,3.86
6/13/2003,4.29
6/14/2003,4.13
6/14/2003,3.98
6/14/2003,3.84
6/14/2003,3.72
6/14/2003,4.25
6/14/2003,3.56
6/15/2003,4.06
6/15/2003,3.87
6/15/2003,3.73
6/15/2003,3.56
6/15/2003,3.4
6/15/2003,3.28
6/15/2003,3.22
6/15/2003,4.02
6/15/2003,3.87
6/15/2003,3.73
6/16/2003,3.56
6/16/2003,3.4
6/16/2003,3.28
6/16/2003,3.22
6/16/2003,3.91
6/16/2003,3.77
6/17/2003,3.6
6/17/2003,3.47
6/17/2003,3.34
6/17/2003,3.22
6/16/2003,3.16
6/17/2003,3.08
6/17/2003,3.53
6/17/2003,3.4
6/17/2003,3.28
6/17/2003,3.16
6/18/2003,3.02
6/18/2003,2.94
6/18/2003,3.4
6/18/2003,3.28
6/18/2003,3.16
6/19/2003,3.02
6/19/2003,2.91
6/19/2003,3.25
6/19/2003,3.13
6/19/2003,2.82
6/19/2003,3.02
6/19/2003,2.88
6/20/2003,3.16
6/20/2003,2.75
6/20/2003,3.02
6/20/2003,2.88
6/21/2003,2.75
6/21/2003,2.68
6/21/2003,3.08
6/21/2003,2.94
6/21/2003,2.83
6/21/2003,2.73
6/22/2003,3.19
6/22/2003,3.05
6/22/2003,2.94
6/22/2003,2.83
6/22/2003,3.37
6/23/2003,3.19
6/23/2003,3.05
6/23/2003,2.94
6/22/2003,2.86
6/23/2003,3.5
6/23/2003,3.34
6/23/2003,3.19
6/23/2003,3.05
6/23/2003,2.95
6/24/2003,3.63
6/24/2003,3.5
6/24/2003,3.37
6/24/2003,3.73
6/24/2003,3.25
6/24/2003,3.1
6/24/2003,3.02
6/25/2003,3.56
6/25/2003,3.43
6/25/2003,3.31
6/25/2003,3.19
6/25/2003,3.08
6/25/2003,2.96
6/25/2003,2.86
6/25/2003,3.53
6/25/2003,3.4
6/25/2003,2.77
6/26/2003,3.25
6/26/2003,3.1
6/26/2003,2.99
6/26/2003,2.88
6/26/2003,3.4
6/26/2003,2.75
6/26/2003,2.65
6/26/2003,3.25
6/27/2003,3.13
6/27/2003,3.02
6/27/2003,2.91
6/27/2003,2.8
6/27/2003,2.68
6/27/2003,2.58
6/27/2003,3.08
6/27/2003,2.96
6/28/2003,2.86
6/28/2003,2.75
6/28/2003,2.65
6/28/2003,2.58
6/28/2003,3.08
6/28/2003,2.94
6/29/2003,2.81
6/28/2003,2.7
6/29/2003,3.19
6/29/2003,3.05
6/29/2003,2.94
6/29/2003,2.8
6/30/2003,3.25
6/30/2003,3.13
6/30/2003,3.02
6/30/2003,2.91
6/30/2003,2.72
6/30/2003,2.8
6/30/2003,2.61
6/30/2003,2.51
6/30/2003,2.43
6/30/2003,3.25
7/1/2003,3.13
7/1/2003,3.02
7/1/2003,2.91
7/1/2003,2.7
7/1/2003,2.8
7/1/2003,2.61
7/1/2003,2.51
7/1/2003,2.42
7/1/2003,2.33
7/1/2003,3.13
7/1/2003,3.02
7/1/2003,2.91
7/1/2003,2.7
7/2/2003,2.8
7/2/2003,2.61
7/2/2003,2.49
7/2/2003,2.4
7/2/2003,2.31
7/2/2003,2.27
7/2/2003,2.23
7/2/2003,2.8
7/3/2003,2.7
7/3/2003,2.61
7/3/2003,2.51
7/3/2003,2.42
7/3/2003,2.33
7/3/2003,2.25
7/3/2003,2.68
7/3/2003,2.58
7/3/2003,2.49
7/3/2003,2.4
7/3/2003,2.31
7/4/2003,2.24
7/4/2003,2.58
7/4/2003,2.49
7/4/2003,2.4
7/4/2003,2.31
7/5/2003,2.21
7/5/2003,2.21
7/5/2003,2.46
7/5/2003,2.38
7/5/2003,2.29
7/5/2003,2.14
7/5/2003,2.21
7/6/2003,2.21
7/6/2003,2.4
7/6/2003,2.31
7/6/2003,2.09
7/6/2003,2.21
7/6/2003,2
7/7/2003,2
7/7/2003,2.33
7/7/2003,2.09
7/7/2003,2.25
7/7/2003,2.17
7/7/2003,2.01
7/7/2003,1.94
7/7/2003,1.87
7/7/2003,1.8
7/7/2003,1.74
7/7/2003,1.67
7/7/2003,1.62
7/7/2003,1.62
7/7/2003,2.31
7/7/2003,2.09
7/8/2003,2.21
7/8/2003,1.98
7/8/2003,1.89
7/8/2003,1.82
7/8/2003,1.75
7/8/2003,1.69
7/8/2003,1.63
7/8/2003,1.57
7/8/2003,1.57
7/8/2003,2.09
7/8/2003,1.5
7/8/2003,1.43
7/8/2003,1.38
7/8/2003,1.33
7/8/2003,1.28
7/8/2003,1.24
7/8/2003,1.21
7/8/2003,2.21
7/9/2003,1.98
7/9/2003,1.9
7/9/2003,1.84
7/9/2003,1.77
7/9/2003,1.71
7/9/2003,1.64
7/9/2003,1.58
7/9/2003,1.58
7/9/2003,2.05
7/9/2003,1.53
7/9/2003,1.47
7/9/2003,1.42
7/9/2003,1.37
7/9/2003,1.32
7/9/2003,1.27
7/9/2003,1.22
7/9/2003,1.18
7/9/2003,1.98
7/9/2003,1.89
7/9/2003,1.82
7/9/2003,1.75
7/9/2003,1.69
7/9/2003,1.63
7/9/2003,1.57
7/9/2003,1.14
7/10/2003,1.14
7/10/2003,3.02
7/10/2003,2.91
7/10/2003,2.09
7/10/2003,1.5
7/10/2003,1.44
7/10/2003,1.39
7/10/2003,1.34
7/10/2003,1.29
7/10/2003,1.25
7/10/2003,1.2
7/10/2003,3.25
7/10/2003,3.13
7/10/2003,2.8
7/10/2003,2.7
7/10/2003,2.6
7/10/2003,2.51
7/10/2003,2.42
7/10/2003,2.33
7/10/2003,2.25
7/10/2003,2.17
7/10/2003,2.01
7/10/2003,1.94
7/10/2003,1.87
7/10/2003,1.8
7/10/2003,1.74
7/10/2003,1.67
7/10/2003,1.61
7/10/2003,1.56
7/10/2003,1.16
7/10/2003,1.12
7/11/2003,1.12
7/11/2003,3.02
7/11/2003,2.91
7/10/2003,2.09
7/10/2003,1.5
7/10/2003,1.44
7/10/2003,1.39
7/10/2003,1.34
7/10/2003,1.29
7/10/2003,1.25
7/10/2003,1.2
7/11/2003,3.37
7/11/2003,3.22
7/11/2003,3.1
7/11/2003,2.8
7/11/2003,2.68
7/11/2003,2.58
7/11/2003,2.49
7/11/2003,2.4
7/11/2003,2.31
7/11/2003,2.23
7/11/2003,2.15
7/11/2003,2.01
7/11/2003,1.92
7/11/2003,1.85
7/11/2003,1.79
7/11/2003,1.72
7/11/2003,1.66
7/11/2003,1.6
7/11/2003,1.54
7/11/2003,1.17
7/11/2003,1.17
7/11/2003,2.96
7/11/2003,1.47
7/11/2003,1.42
7/11/2003,1.37
7/11/2003,1.32
7/11/2003,1.27
7/11/2003,1.22
7/12/2003,3.98
7/12/2003,3.8
7/12/2003,3.5
7/12/2003,3.37
7/12/2003,3.25
7/12/2003,3.13
7/12/2003,2.8
7/12/2003,2.7
7/12/2003,2.6
7/12/2003,2.51
7/12/2003,2.42
7/12/2003,2.33
7/12/2003,2.25
7/12/2003,2.17
7/12/2003,2.09
7/12/2003,2.01
7/12/2003,1.94
7/11/2003,1.89
7/12/2003,1.89
7/12/2003,4.87
7/12/2003,4.65
7/12/2003,4.48
7/12/2003,4.32
7/12/2003,4.17
7/12/2003,3.63
7/12/2003,3.02
7/12/2003,2.88
7/13/2003,3.98
7/13/2003,3.83
7/13/2003,3.43
7/13/2003,3.31
7/13/2003,3.19
7/12/2003,2.75
7/12/2003,2.65
7/12/2003,2.56
7/12/2003,2.46
7/12/2003,2.38
7/12/2003,2.29
7/12/2003,2.21
7/12/2003,2.13
7/12/2003,2.05
7/12/2003,1.98
7/12/2003,1.92
7/13/2003,6.79
7/13/2003,6.54
7/13/2003,6.31
7/13/2003,6.08
7/13/2003,5.86
7/13/2003,5.65
7/13/2003,5.44
7/13/2003,5.24
7/13/2003,5.06
7/13/2003,4.87
7/13/2003,4.7
7/13/2003,4.57
7/13/2003,4.24
7/13/2003,4.09
7/13/2003,3.7
7/13/2003,3.53
7/13/2003,3.08
7/13/2003,2.99
7/13/2003,3.91
7/13/2003,3.37
7/13/2003,3.25
7/14/2003,6.91
7/14/2003,6.6
7/14/2003,6.36
7/14/2003,6.13
7/14/2003,5.91
7/14/2003,5.7
7/14/2003,5.49
7/14/2003,5.29
7/14/2003,5.1
7/14/2003,4.92
7/14/2003,4.78
7/14/2003,4.09
7/14/2003,3.7
7/14/2003,3.53
7/14/2003,3.91
7/14/2003,3.39
7/15/2003,7.17
7/15/2003,6.91
7/15/2003,6.66
7/15/2003,6.42
7/15/2003,6.19
7/15/2003,5.97
7/15/2003,5.75
7/15/2003,5.54
7/15/2003,5.34
7/15/2003,5.15
7/15/2003,4.99
7/14/2003,4.05
7/14/2003,3.76
7/14/2003,3.63
7/14/2003,3.5
7/15/2003,7.44
7/15/2003,7.17
7/15/2003,6.85
7/15/2003,6.6
7/15/2003,6.36
7/15/2003,6.13
7/15/2003,5.91
7/15/2003,5.72
7/15/2003,5.54
7/15/2003,5.34
7/15/2003,5.15
7/16/2003,7.11
7/16/2003,6.85
7/16/2003,6.6
7/16/2003,6.36
7/16/2003,6.13
7/16/2003,6.02
7/17/2003,7.04
7/17/2003,6.79
7/17/2003,6.54
7/17/2003,6.31
7/17/2003,6.08
7/17/2003,5.86
7/17/2003,5.65
7/17/2003,5.44
7/17/2003,5.28
7/18/2003,6.85
7/18/2003,6.6
7/18/2003,6.36
7/18/2003,6.13
7/18/2003,5.91
7/18/2003,5.7
7/18/2003,5.49
7/18/2003,5.24
7/18/2003,5.05
7/18/2003,4.87
7/18/2003,4.7
7/18/2003,4.53
7/18/2003,4.4
7/18/2003,6.79
7/18/2003,6.54
7/18/2003,6.25
7/18/2003,6.02
7/18/2003,5.8
7/18/2003,5.59
7/18/2003,5.39
7/19/2003,5.15
7/19/2003,4.96
7/19/2003,4.78
7/19/2003,4.61
7/19/2003,4.44
7/19/2003,4.28
7/19/2003,4.13
7/19/2003,3.98
7/19/2003,3.85
7/19/2003,6.19
7/19/2003,5.97
7/19/2003,5.75
7/19/2003,5.54
7/19/2003,5.34
7/20/2003,5.15
7/20/2003,4.92
7/19/2003,4.78
7/20/2003,4.32
7/20/2003,4.17
7/20/2003,4.01
7/20/2003,3.87
7/20/2003,3.73
7/20/2003,5.39
7/20/2003,3.56
7/20/2003,3.4
7/20/2003,3.34
7/20/2003,5.15
7/20/2003,4.96
7/20/2003,4.17
7/20/2003,4.01
7/20/2003,3.87
7/20/2003,3.73
7/21/2003,3.56
7/21/2003,3.4
7/21/2003,3.28
7/21/2003,3.16
7/21/2003,3.06
7/21/2003,4.01
7/21/2003,3.87
7/21/2003,3.73
7/22/2003,3.56
7/22/2003,3.4
7/22/2003,3.28
7/22/2003,3.16
7/22/2003,3.05
7/22/2003,2.94
7/21/2003,2.88
7/22/2003,3.91
7/22/2003,3.76
7/22/2003,2.8
7/22/2003,2.7
7/22/2003,3.63
7/22/2003,3.46
7/22/2003,3.34
7/22/2003,3.22
7/22/2003,3.1
7/22/2003,2.99
7/22/2003,2.88
7/22/2003,2.64
7/23/2003,2.75
7/23/2003,2.56
7/23/2003,2.44
7/23/2003,3.37
7/23/2003,3.22
7/23/2003,3.1
7/23/2003,2.99
7/23/2003,2.88
7/24/2003,2.75
7/24/2003,2.63
7/24/2003,2.53
7/24/2003,2.44
7/24/2003,2.35
7/24/2003,3.1
7/24/2003,2.99
7/24/2003,2.88
7/24/2003,2.73
7/24/2003,2.63
7/24/2003,2.53
7/24/2003,2.44
7/24/2003,2.35
7/24/2003,2.31
7/25/2003,2.25
7/25/2003,2.7
7/25/2003,2.6
7/25/2003,2.51
7/25/2003,2.42
7/25/2003,2.33
7/26/2003,2.25
7/26/2003,2.46
7/26/2003,2.37
7/26/2003,2.29
7/26/2003,2.21
7/27/2003,2.46
7/27/2003,2.37
7/27/2003,2.13
7/27/2003,2.05
7/27/2003,2.29
7/27/2003,2.19
7/27/2003,2
7/28/2003,2.4
7/28/2003,2.09
7/28/2003,1.94
7/28/2003,1.87
7/28/2003,2.29
7/28/2003,2.19
7/28/2003,2.09
7/28/2003,2.01
7/28/2003,1.94
7/28/2003,1.87
7/28/2003,1.81
7/29/2003,2.25
7/29/2003,2.17
7/29/2003,2.09
7/29/2003,1.99
7/29/2003,1.92
7/29/2003,1.85
7/29/2003,1.79
7/29/2003,1.75
7/30/2003,2.29
7/30/2003,2.21
7/30/2003,2.46
7/30/2003,2.37
7/30/2003,2.13
7/30/2003,2.05
7/30/2003,1.97
7/30/2003,1.9
7/30/2003,1.84
7/30/2003,2.29
7/30/2003,2.21
7/31/2003,2.56
7/31/2003,2.44
7/31/2003,2.35
7/31/2003,2.13
7/31/2003,2.03
7/31/2003,1.96
7/31/2003,1.92
7/31/2003,2.25
8/1/2003,2.49
8/1/2003,2.4
8/1/2003,2.31
8/1/2003,2.17
8/1/2003,2.07
8/1/2003,1.99
8/1/2003,1.92
7/31/2003,1.89
8/1/2003,1.83
8/1/2003,1.77
8/1/2003,1.7
8/1/2003,1.66
8/1/2003,2.46
8/1/2003,2.37
8/1/2003,2.29
8/1/2003,2.21
8/1/2003,2.13
8/1/2003,2.05
8/1/2003,1.97
8/1/2003,1.9
8/2/2003,1.83
8/2/2003,1.75
8/2/2003,1.69
8/2/2003,1.63
8/2/2003,1.6
8/2/2003,2.33
8/2/2003,2.25
8/2/2003,2.17
8/2/2003,2.09
8/2/2003,2.01
8/2/2003,1.94
8/3/2003,1.87
8/3/2003,1.78
8/3/2003,1.72
8/3/2003,1.66
8/3/2003,1.6
8/2/2003,1.57
8/3/2003,1.96
8/3/2003,1.53
8/3/2003,1.46
8/3/2003,1.87
8/3/2003,1.8
8/3/2003,1.74
8/3/2003,1.67
8/3/2003,1.61
8/4/2003,1.55
8/4/2003,1.48
8/4/2003,1.43
8/4/2003,1.39
8/4/2003,1.77
8/4/2003,1.69
8/4/2003,1.63
8/5/2003,1.55
8/5/2003,1.48
8/5/2003,1.43
8/5/2003,1.38
8/5/2003,1.34
8/5/2003,1.63
8/5/2003,1.55
8/5/2003,1.5
8/5/2003,1.44
8/5/2003,1.39
8/5/2003,1.34
8/6/2003,1.29
8/6/2003,1.5
8/6/2003,1.43
8/6/2003,1.38
8/6/2003,1.33
8/7/2003,1.54
8/7/2003,1.48
8/7/2003,1.43
8/7/2003,1.38
8/7/2003,1.33
8/8/2003,1.48
8/8/2003,1.43
8/8/2003,1.38
8/8/2003,1.33
8/8/2003,1.28
8/9/2003,1.43
8/9/2003,1.38
8/9/2003,1.33
8/9/2003,1.28
8/9/2003,1.23
8/9/2003,1.42
8/9/2003,1.37
8/9/2003,1.32
8/9/2003,1.27
8/9/2003,1.22
8/10/2003,1.18
8/10/2003,1.4
8/10/2003,1.35
8/10/2003,1.3
8/10/2003,1.26
8/10/2003,1.21
8/10/2003,1.14
8/11/2003,1.37
8/11/2003,1.32
8/11/2003,1.27
8/11/2003,1.22
8/11/2003,1.18
8/11/2003,1.14
8/11/2003,1.11
8/12/2003,1.39
8/12/2003,1.33
8/12/2003,1.28
8/12/2003,1.23
8/12/2003,1.19
8/12/2003,1.16
8/13/2003,1.42
8/13/2003,1.37
8/13/2003,1.32
8/13/2003,1.27
8/12/2003,1.23
8/13/2003,1.38
8/13/2003,1.33
8/13/2003,1.28
8/13/2003,1.25
8/14/2003,1.34
8/14/2003,1.29
8/14/2003,1.25
8/14/2003,1.21
8/15/2003,1.34
8/15/2003,1.29
8/15/2003,1.25
8/15/2003,1.21
8/16/2003,1.34
8/16/2003,1.28
8/16/2003,1.23
8/15/2003,1.21
8/17/2003,1.39
8/16/2003,1.33
8/16/2003,1.28
8/16/2003,1.23
8/16/2003,1.21
8/17/2003,1.42
8/17/2003,1.35
8/17/2003,1.3
8/17/2003,1.26
8/17/2003,1.22
8/18/2003,1.61
8/18/2003,1.54
8/18/2003,1.48
8/18/2003,1.42
8/18/2003,1.35
8/18/2003,1.3
8/18/2003,1.26
8/18/2003,1.22
8/19/2003,1.67
8/18/2003,1.6
8/18/2003,1.54
8/18/2003,1.48
8/19/2003,1.77
8/19/2003,1.42
8/19/2003,1.35
8/19/2003,1.3
8/19/2003,1.27
8/19/2003,1.67
8/19/2003,1.61
8/19/2003,1.55
8/19/2003,1.5
8/20/2003,1.87
8/20/2003,1.8
8/20/2003,1.74
8/20/2003,1.44
8/20/2003,1.4
8/20/2003,1.67
8/20/2003,1.61
8/20/2003,1.56
8/20/2003,1.5
8/20/2003,1.94
8/20/2003,1.87
8/20/2003,1.8
8/20/2003,1.74
8/21/2003,1.67
8/21/2003,1.61
8/21/2003,1.97
8/21/2003,1.89
8/21/2003,1.82
8/21/2003,1.76
8/22/2003,2.05
8/22/2003,1.96
8/22/2003,1.89
8/22/2003,1.82
8/22/2003,1.76
8/23/2003,2.33
8/23/2003,2.22
8/23/2003,2.14
8/23/2003,2.07
8/23/2003,1.99
8/23/2003,1.92
8/23/2003,1.85
8/23/2003,1.79
8/23/2003,1.75
8/24/2003,2.42
8/24/2003,2.31
8/24/2003,2.22
8/24/2003,2.14
8/24/2003,2.07
8/24/2003,1.99
8/24/2003,1.92
8/24/2003,1.86
8/23/2003,1.82
8/25/2003,2.91
8/25/2003,2.51
8/24/2003,2.39
8/24/2003,2.31
8/24/2003,2.22
8/24/2003,2.14
8/24/2003,2.07
8/24/2003,2
8/24/2003,1.94
8/24/2003,1.88
8/25/2003,2.75
8/25/2003,2.65
8/25/2003,2.96
8/25/2003,2.85
8/25/2003,2.55
8/25/2003,2.46
8/25/2003,2.37
8/25/2003,2.3
8/25/2003,2.2
8/25/2003,2.12
8/25/2003,2.05
8/26/2003,3.19
8/26/2003,3.04
8/26/2003,2.75
8/26/2003,2.63
8/26/2003,2.91
8/26/2003,2.52
8/26/2003,2.42
8/26/2003,2.33
8/27/2003,3.31
8/26/2003,3.16
8/26/2003,3.04
8/27/2003,2.75
8/26/2003,2.63
8/27/2003,2.91
8/27/2003,2.53
8/27/2003,3.37
8/27/2003,3.25
8/27/2003,3.13
8/27/2003,3.01
8/27/2003,2.8
8/27/2003,2.7
8/27/2003,2.6
8/28/2003,2.91
8/28/2003,2.51
8/28/2003,2.42
8/28/2003,2.33
8/28/2003,2.25
8/28/2003,2.16
8/28/2003,2.09
8/28/2003,2.02
8/28/2003,3.22
8/28/2003,3.1
8/28/2003,2.99
8/28/2003,2.8
8/28/2003,2.67
8/28/2003,2.58
8/29/2003,2.46
8/28/2003,2.35
8/28/2003,2.27
8/28/2003,2.18
8/28/2003,2.1
8/28/2003,2.03
8/28/2003,1.96
8/28/2003,1.88
8/29/2003,3.1
8/29/2003,2.99
8/29/2003,2.88
8/29/2003,2.77
8/29/2003,2.67
8/29/2003,2.58
8/29/2003,1.8
8/29/2003,1.75
8/29/2003,2.46
8/29/2003,2.35
8/29/2003,2.27
8/29/2003,2.18
8/29/2003,2.1
8/29/2003,2.03
8/29/2003,1.96
8/29/2003,1.88
8/30/2003,2.58
8/30/2003,1.8
8/30/2003,1.72
8/30/2003,1.66
8/30/2003,1.61
8/30/2003,2.46
8/30/2003,2.37
8/30/2003,2.29
8/30/2003,2.2
8/30/2003,2.1
8/30/2003,2.03
8/30/2003,1.96
8/30/2003,1.88
8/30/2003,1.8
8/30/2003,1.72
8/30/2003,1.66
8/30/2003,1.6
8/30/2003,1.57
8/31/2003,2.05
8/31/2003,1.97
8/31/2003,1.9
8/31/2003,1.52
8/31/2003,1.47
8/31/2003,1.42
8/31/2003,1.82
8/31/2003,1.75
8/31/2003,1.69
8/31/2003,1.63
8/31/2003,1.57
8/31/2003,1.38
9/1/2003,1.5
9/1/2003,1.44
9/1/2003,1.34
9/1/2003,1.29
9/1/2003,1.25
9/1/2003,1.21
9/1/2003,1.8
9/1/2003,1.73
9/1/2003,1.67
9/1/2003,1.61
9/1/2003,1.55
9/1/2003,1.39
9/1/2003,1.5
9/1/2003,1.43
9/1/2003,1.34
9/1/2003,1.28
9/1/2003,1.23
9/1/2003,1.19
9/2/2003,1.63
9/2/2003,1.57
9/2/2003,1.15
9/2/2003,1.5
9/2/2003,1.43
9/2/2003,1.38
9/2/2003,1.33
9/2/2003,1.28
9/2/2003,1.23
9/2/2003,1.19
9/3/2003,1.14
9/3/2003,1.42
9/3/2003,1.37
9/3/2003,1.32
9/3/2003,1.26
9/3/2003,1.21
9/3/2003,1.17
9/3/2003,1.11
9/4/2003,1.22
9/4/2003,1.17
9/4/2003,1.13
9/4/2003,1.1
9/5/2003,1.27
9/5/2003,1.21
9/5/2003,1.17
9/5/2003,1.13
9/4/2003,1.1
9/5/2003,1.32
9/5/2003,1.26
9/5/2003,1.21
9/5/2003,1.17
9/5/2003,1.14
9/6/2003,1.34
9/6/2003,1.29
9/6/2003,1.24
9/6/2003,1.21
9/6/2003,1.17
9/7/2003,1.34
9/7/2003,1.29
9/7/2003,1.24
9/7/2003,1.21
9/8/2003,1.34
9/8/2003,1.29
9/8/2003,1.24
9/8/2003,1.2
9/8/2003,1.16
9/8/2003,1.11
9/8/2003,1.07
9/8/2003,1.04
9/8/2003,1.01
9/9/2003,1.29
9/9/2003,1.24
9/9/2003,1.2
9/9/2003,1.16
9/9/2003,1.11
9/9/2003,1.07
9/9/2003,1.04
9/9/2003,1
9/9/2003,0.96
9/9/2003,0.93
9/9/2003,0.89
9/9/2003,0.87
9/9/2003,1.26
9/9/2003,1.21
9/9/2003,1.17
9/9/2003,1.12
9/9/2003,1.08
9/9/2003,1.05
9/9/2003,1.01
9/9/2003,0.97
9/9/2003,0.94
9/9/2003,0.9
9/10/2003,0.86
9/10/2003,0.84
9/10/2003,1.22
9/10/2003,1.18
9/10/2003,1.14
9/10/2003,1.08
9/10/2003,1.04
9/10/2003,1.01
9/10/2003,0.97
9/10/2003,0.94
9/10/2003,0.9
9/10/2003,0.87
9/11/2003,1.07
9/11/2003,1.03
9/11/2003,0.99
9/11/2003,0.95
9/11/2003,0.92
9/11/2003,0.89
9/12/2003,1.11
9/12/2003,1.07
9/12/2003,1.04
9/12/2003,1
9/12/2003,0.96
9/12/2003,0.93
9/12/2003,0.89
9/12/2003,0.87
9/13/2003,1.07
9/13/2003,1.04
9/13/2003,1
9/13/2003,0.96
9/13/2003,0.93
9/13/2003,0.89
9/13/2003,0.86
9/13/2003,0.84
9/13/2003,1.04
9/13/2003,1.01
9/13/2003,0.97
9/13/2003,0.94
9/13/2003,0.9
9/14/2003,0.86
9/14/2003,0.84
9/14/2003,1.04
9/14/2003,0.99
9/14/2003,0.95
9/14/2003,0.92
9/14/2003,0.89
9/15/2003,1.07
9/15/2003,1.03
9/15/2003,0.99
9/15/2003,0.95
9/15/2003,0.92
9/15/2003,0.89
9/16/2003,1.11
9/16/2003,1.07
9/16/2003,1.04
9/16/2003,1
9/16/2003,0.96
9/16/2003,0.93
9/16/2003,0.89
9/16/2003,0.87
9/17/2003,1.07
9/17/2003,1.04
9/17/2003,1
9/17/2003,0.96
9/17/2003,0.93
9/17/2003,0.89
9/17/2003,0.87
9/17/2003,0.84
9/17/2003,1.09
9/17/2003,1.04
9/17/2003,1.01
9/17/2003,0.97
9/17/2003,0.94
9/17/2003,0.9
9/18/2003,1.14
9/18/2003,1.08
9/18/2003,1.04
9/18/2003,1.01
9/18/2003,0.97
9/18/2003,0.94
9/18/2003,0.91
9/18/2003,0.89
9/19/2003,1.18
9/19/2003,1.12
9/19/2003,1.08
9/19/2003,1.04
9/19/2003,1.01
9/19/2003,0.97
9/19/2003,0.94
9/19/2003,0.92
9/20/2003,1.22
9/20/2003,1.18
9/20/2003,1.14
9/20/2003,1.09
9/20/2003,1.05
9/20/2003,1.02
9/21/2003,1.22
9/21/2003,1.18
9/21/2003,1.14
9/21/2003,1.09
9/21/2003,1.06
9/21/2003,1.19
9/21/2003,1.15
9/21/2003,1.1
9/21/2003,1.06
9/21/2003,1.04
9/22/2003,1.02
9/22/2003,1.18
9/22/2003,1.13
9/22/2003,1.09
9/22/2003,1.05
9/22/2003,1.22
9/22/2003,1.02
9/22/2003,0.98
9/22/2003,0.94
9/23/2003,1.18
9/23/2003,1.12
9/23/2003,1.08
9/23/2003,1.04
9/23/2003,0.92
9/23/2003,1
9/23/2003,0.95
9/24/2003,1.17
9/24/2003,1.12
9/24/2003,1.08
9/24/2003,1.04
9/24/2003,0.91
9/24/2003,0.88
9/24/2003,1
9/24/2003,0.96
9/24/2003,1.07
9/24/2003,1.04
9/24/2003,0.93
9/24/2003,0.89
9/24/2003,0.86
9/25/2003,1
9/25/2003,0.95
9/25/2003,0.84
9/25/2003,1.09
9/25/2003,1.05
9/25/2003,0.91
9/25/2003,0.88
9/26/2003,1.22
9/26/2003,1.17
9/26/2003,1.12
9/26/2003,1.02
9/26/2003,0.97
9/26/2003,0.94
9/26/2003,1.07
9/26/2003,0.9
9/27/2003,1.34
9/26/2003,1.28
9/26/2003,1.23
9/26/2003,1.19
9/26/2003,1.15
9/26/2003,1.1
9/27/2003,1.03
9/26/2003,0.99
9/26/2003,0.95
9/26/2003,0.92
9/27/2003,1.39
9/27/2003,1.33
9/27/2003,1.28
9/27/2003,1.23
9/27/2003,1.19
9/27/2003,1.15
9/27/2003,1.1
9/27/2003,1.06
9/27/2003,1.03
9/27/2003,1
9/27/2003,0.96
9/28/2003,1.38
9/28/2003,1.33
9/28/2003,1.28
9/28/2003,1.23
9/28/2003,1.2
9/28/2003,1.16
9/28/2003,1.11
9/28/2003,1.07
9/28/2003,1.03
9/28/2003,1.01
9/29/2003,1.34
9/29/2003,1.29
9/29/2003,1.24
9/29/2003,1.2
9/30/2003,1.34
9/30/2003,1.28
9/30/2003,1.23
9/30/2003,1.19
9/30/2003,1.16
9/30/2003,1.36
9/30/2003,1.31
9/30/2003,1.27
9/30/2003,1.22
9/30/2003,1.18
9/30/2003,1.13
9/30/2003,1.09
9/30/2003,1.06
10/1/2003,1.39
10/1/2003,1.33
10/1/2003,1.28
10/1/2003,1.23
10/1/2003,1.19
10/1/2003,1.15
10/1/2003,1.1
10/1/2003,1.06
10/1/2003,1.03
10/2/2003,1.42
10/2/2003,1.35
10/2/2003,1.3
10/2/2003,1.26
10/2/2003,1.21
10/2/2003,1.17
10/2/2003,1.12
10/2/2003,1.08
10/2/2003,1.05
10/2/2003,1.02
10/3/2003,1.61
10/2/2003,1.54
10/2/2003,1.48
10/3/2003,1.42
10/3/2003,1.35
10/3/2003,1.3
10/3/2003,1.26
10/3/2003,1.21
10/3/2003,1.17
10/3/2003,1.13
10/3/2003,1.09
10/3/2003,1.06
10/3/2003,1.67
10/3/2003,1.6
10/3/2003,1.54
10/3/2003,1.48
10/4/2003,1.42
10/4/2003,1.36
10/4/2003,1.31
10/4/2003,1.27
10/4/2003,1.22
10/4/2003,1.18
10/3/2003,1.15
10/4/2003,1.7
10/4/2003,1.64
10/4/2003,1.58
10/4/2003,1.52
10/4/2003,1.47
10/4/2003,1.77
10/4/2003,1.42
10/4/2003,1.38
10/5/2003,1.7
10/5/2003,1.63
10/5/2003,1.57
10/5/2003,1.51
10/5/2003,1.45
10/6/2003,1.7
10/6/2003,1.64
10/6/2003,1.58
10/6/2003,1.52
10/6/2003,1.47
10/6/2003,1.87
10/6/2003,1.8
10/6/2003,1.73
10/6/2003,1.67
10/6/2003,1.61
10/6/2003,1.55
10/6/2003,1.5
10/6/2003,1.44
10/6/2003,1.4
10/7/2003,3.97
10/7/2003,3.83
10/7/2003,3.01
10/7/2003,2.88
10/7/2003,1.97
10/7/2003,1.9
10/7/2003,1.83
10/7/2003,1.77
10/7/2003,1.7
10/7/2003,1.64
10/7/2003,1.58
10/7/2003,1.52
10/7/2003,1.47
10/7/2003,1.42
10/8/2003,4.27
10/8/2003,4.12
10/8/2003,3.69
10/8/2003,3.55
10/8/2003,3.43
10/8/2003,3.3
10/8/2003,3.18
10/8/2003,2.75
10/8/2003,2.65
10/8/2003,2.55
10/8/2003,2.46
10/8/2003,2.37
10/8/2003,2.28
10/8/2003,2.2
10/8/2003,2.12
10/8/2003,2.05
10/8/2003,3.97
10/8/2003,3.79
10/8/2003,3.07
10/8/2003,2.93
10/8/2003,2.82
10/8/2003,1.97
10/8/2003,1.88
10/8/2003,1.81
10/8/2003,1.75
10/8/2003,1.69
10/8/2003,1.62
10/8/2003,1.57
10/8/2003,1.51
10/8/2003,1.46
10/8/2003,1.42
10/9/2003,10.54
10/8/2003,10.07
10/8/2003,9.7
10/8/2003,9.35
10/8/2003,9.01
10/8/2003,8.69
10/8/2003,8.37
10/8/2003,8.07
10/8/2003,7.78
10/8/2003,7.5
10/8/2003,7.22
10/8/2003,6.96
10/8/2003,6.71
10/8/2003,6.47
10/8/2003,6.23
10/8/2003,6.01
10/8/2003,5.79
10/8/2003,5.58
10/8/2003,5.38
10/8/2003,5.19
10/8/2003,5
10/8/2003,4.82
10/8/2003,4.64
10/8/2003,4.48
10/8/2003,4.31
10/8/2003,4.16
10/9/2003,3.62
10/8/2003,3.46
10/8/2003,3.33
10/8/2003,3.21
10/9/2003,2.7
10/8/2003,2.58
10/8/2003,2.48
10/8/2003,2.39
10/8/2003,2.31
10/8/2003,2.22
10/8/2003,2.14
10/8/2003,2.06
10/9/2003,3.97
10/9/2003,3.83
10/9/2003,3.07
10/9/2003,2.96
10/9/2003,2.85
10/9/2003,1.97
10/9/2003,1.9
10/9/2003,1.83
10/9/2003,1.77
10/9/2003,1.7
10/9/2003,1.64
10/9/2003,1.58
10/9/2003,1.52
10/9/2003,1.47
10/9/2003,9.88
10/9/2003,9.52
10/9/2003,9.18
10/9/2003,8.85
10/9/2003,8.53
10/9/2003,8.22
10/9/2003,7.92
10/9/2003,7.64
10/9/2003,7.36
10/9/2003,7.09
10/9/2003,6.84
10/9/2003,6.59
10/9/2003,6.35
10/9/2003,6.12
10/9/2003,5.9
10/9/2003,5.69
10/9/2003,5.48
10/9/2003,5.28
10/9/2003,5.09
10/9/2003,4.91
10/9/2003,4.73
10/9/2003,4.56
10/9/2003,4.39
10/9/2003,4.23
10/9/2003,4.08
10/9/2003,3.69
10/9/2003,3.52
10/9/2003,3.39
10/9/2003,3.27
10/9/2003,3.15
10/9/2003,2.75
10/9/2003,2.62
10/9/2003,2.53
10/9/2003,2.44
10/9/2003,2.35
10/9/2003,2.26
10/9/2003,2.18
10/9/2003,2.1
10/9/2003,2.03
10/10/2003,14.15
10/10/2003,13.64
10/10/2003,13.15
10/10/2003,12.67
10/10/2003,12.21
10/10/2003,11.77
10/10/2003,11.35
10/10/2003,11.04
10/10/2003,3.9
10/10/2003,3.01
10/10/2003,2.88
10/10/2003,1.94
10/10/2003,1.86
10/9/2003,1.81
10/10/2003,9.52
10/10/2003,9.18
10/10/2003,8.85
10/10/2003,8.53
10/10/2003,8.22
10/10/2003,7.92
10/10/2003,7.64
10/10/2003,7.36
10/10/2003,7.09
10/10/2003,6.84
10/10/2003,6.59
10/10/2003,6.35
10/10/2003,6.12
10/10/2003,5.9
10/10/2003,5.69
10/10/2003,5.48
10/10/2003,5.28
10/10/2003,5.09
10/10/2003,4.91
10/10/2003,4.73
10/10/2003,4.56
10/10/2003,4.39
10/10/2003,4.23
10/10/2003,4.12
10/10/2003,3.69
10/10/2003,3.55
10/10/2003,3.43
10/10/2003,3.3
10/10/2003,3.18
10/10/2003,2.75
10/10/2003,2.65
10/10/2003,2.55
10/10/2003,2.46
10/10/2003,2.37
10/10/2003,2.28
10/10/2003,2.2
10/10/2003,2.12
10/10/2003,2.05
10/10/2003,14.68
10/10/2003,14.15
10/10/2003,13.64
10/10/2003,13.15
10/10/2003,12.67
10/10/2003,12.21
10/10/2003,11.77
10/10/2003,11.35
10/10/2003,10.93
10/11/2003,10.6
10/11/2003,9.18
10/11/2003,8.85
10/11/2003,8.61
10/11/2003,8.29
10/11/2003,7.92
10/11/2003,7.63
10/11/2003,7.43
10/11/2003,7.16
10/11/2003,6.9
10/11/2003,6.65
10/11/2003,6.41
10/11/2003,6.18
10/11/2003,5.95
10/11/2003,5.74
10/11/2003,5.53
10/11/2003,5.33
10/11/2003,5.14
10/11/2003,4.95
10/11/2003,4.77
10/11/2003,4.6
10/11/2003,4.43
10/11/2003,4.27
10/11/2003,14.28
10/11/2003,13.77
10/11/2003,13.27
10/11/2003,12.79
10/11/2003,12.33
10/11/2003,11.88
10/11/2003,11.45
10/11/2003,11.04
10/12/2003,10.54
10/12/2003,10.16
10/12/2003,9.79
10/12/2003,14.15
10/12/2003,13.64
10/12/2003,13.21
10/12/2003,12.55
10/12/2003,12.1
10/12/2003,11.66
10/12/2003,11.24
10/12/2003,10.83
10/12/2003,9.57
10/13/2003,22.02
10/12/2003,21.03
10/12/2003,20.27
10/12/2003,19.53
10/12/2003,18.83
10/12/2003,18.15
10/12/2003,17.49
10/12/2003,16.86
10/12/2003,16.25
10/12/2003,15.66
10/12/2003,15.09
10/12/2003,14.55
10/13/2003,10.35
10/12/2003,9.88
10/13/2003,9.29
10/13/2003,13.94
10/13/2003,13.51
10/13/2003,12.1
10/13/2003,11.66
10/13/2003,11.24
10/13/2003,10.83
10/13/2003,22.84
10/13/2003,22.02
10/13/2003,21.22
10/13/2003,20.45
10/13/2003,19.71
10/13/2003,19
10/13/2003,18.31
10/13/2003,17.65
10/13/2003,17.01
10/13/2003,16.4
10/13/2003,15.8
10/13/2003,15.23
10/13/2003,14.68
10/13/2003,10.35
10/13/2003,9.88
10/13/2003,9.57
10/13/2003,9.35
10/14/2003,25.51
10/14/2003,24.37
10/14/2003,23.48
10/14/2003,14.28
10/14/2003,11.66
10/14/2003,11.24
10/14/2003,10.83
10/14/2003,22.43
10/14/2003,21.42
10/14/2003,20.64
10/14/2003,19.9
10/14/2003,19.18
10/14/2003,18.48
10/14/2003,17.81
10/14/2003,17.17
10/14/2003,16.55
10/14/2003,15.95
10/14/2003,15.37
10/14/2003,14.82
10/14/2003,10.35
10/14/2003,9.97
10/14/2003,9.7
10/15/2003,26.47
10/14/2003,25.28
10/14/2003,24.37
10/14/2003,23.48
10/15/2003,22.43
10/15/2003,21.42
10/15/2003,20.64
10/15/2003,19.9
10/15/2003,19.18
10/15/2003,18.48
10/15/2003,17.81
10/15/2003,17.17
10/15/2003,16.55
10/15/2003,15.95
10/15/2003,15.52
10/15/2003,14.95
10/15/2003,14.55
10/15/2003,26.23
10/15/2003,25.28
10/15/2003,24.36
10/15/2003,23.48
10/16/2003,22.43
10/16/2003,21.42
10/16/2003,20.64
10/16/2003,19.9
10/16/2003,19.18
10/16/2003,18.48
10/16/2003,17.81
10/16/2003,17.17
10/16/2003,16.55
10/16/2003,16.02
10/16/2003,25.51
10/16/2003,24.59
10/16/2003,23.7
10/17/2003,22.84
10/16/2003,21.81
10/16/2003,21.03
10/16/2003,20.27
10/16/2003,19.53
10/16/2003,18.83
10/16/2003,18.14
10/16/2003,17.49
10/16/2003,16.86
10/16/2003,16.25
10/16/2003,15.66
10/16/2003,15.09
10/16/2003,14.68
10/17/2003,19.9
10/17/2003,19.18
10/17/2003,18.48
10/17/2003,17.81
10/17/2003,17.17
10/17/2003,16.55
10/17/2003,15.95
10/17/2003,15.37
10/17/2003,14.82
10/17/2003,14.28
10/18/2003,13.64
10/17/2003,13.27
10/18/2003,19.35
10/18/2003,18.65
10/18/2003,17.98
10/18/2003,17.33
10/18/2003,16.55
10/18/2003,15.95
10/18/2003,15.37
10/18/2003,14.82
10/18/2003,14.28
10/18/2003,13.64
10/18/2003,13.02
10/18/2003,12.55
10/18/2003,12.1
10/18/2003,11.77
10/19/2003,16.1
10/19/2003,15.37
10/19/2003,14.82
10/19/2003,14.28
10/19/2003,13.64
10/19/2003,13.02
10/19/2003,12.55
10/19/2003,12.1
10/19/2003,11.66
10/19/2003,11.45
10/20/2003,14.82
10/20/2003,14.28
10/20/2003,11.14
10/20/2003,10.63
10/20/2003,10.25
10/19/2003,10.06
10/20/2003,13.64
10/20/2003,13.2
10/20/2003,12.67
10/20/2003,12.21
10/20/2003,11.77
10/20/2003,11.24
10/20/2003,10.83
10/20/2003,10.44
10/20/2003,10.06
10/20/2003,9.7
10/20/2003,9.35
10/20/2003,9.01
10/20/2003,8.76
10/21/2003,13.51
10/21/2003,10.83
10/21/2003,10.44
10/21/2003,10.06
10/21/2003,9.7
10/21/2003,9.35
10/21/2003,9.01
10/21/2003,8.68
10/21/2003,8.53
10/21/2003,7.85
10/22/2003,8.29
10/22/2003,10.44
10/22/2003,10.06
10/22/2003,9.7
10/22/2003,9.35
10/22/2003,9.01
10/22/2003,8.68
10/22/2003,7.85
10/22/2003,7.63
10/22/2003,8.29
10/22/2003,7.42
10/22/2003,7.09
10/22/2003,6.83
10/22/2003,6.65
10/23/2003,10.06
10/23/2003,9.7
10/23/2003,9.35
10/23/2003,9.01
10/23/2003,8.68
10/23/2003,7.85
10/23/2003,8.29
10/23/2003,7.42
10/23/2003,7.16
10/23/2003,6.9
10/23/2003,6.65
10/23/2003,6.44
10/23/2003,5.95
10/23/2003,5.74
10/24/2003,8.93
10/24/2003,8.6
10/24/2003,7.99
10/24/2003,7.7
10/24/2003,6.18
10/24/2003,5.55
10/24/2003,8.29
10/24/2003,7.42
10/24/2003,7.09
10/24/2003,6.83
10/24/2003,6.59
10/24/2003,6.35
10/24/2003,5.95
10/24/2003,5.68
10/24/2003,7.77
10/24/2003,5.43
10/24/2003,5.18
10/24/2003,5
10/24/2003,4.84
10/25/2003,7.46
10/25/2003,7.16
10/25/2003,6.9
10/25/2003,6.65
10/25/2003,6.41
10/25/2003,6.18
10/25/2003,5.95
10/25/2003,5.74
10/25/2003,7.7
10/25/2003,5.53
10/25/2003,5.28
10/25/2003,5.09
10/25/2003,4.91
10/25/2003,4.73
10/26/2003,6.77
10/26/2003,6.53
10/26/2003,6.29
10/26/2003,6.06
10/26/2003,5.84
10/26/2003,4.51
10/26/2003,4.35
10/26/2003,4.21
10/26/2003,5.63
10/26/2003,5.38
10/26/2003,5.18
10/26/2003,5
10/26/2003,4.82
10/26/2003,4.64
10/26/2003,4.43
10/26/2003,4.23
10/26/2003,4.08
10/26/2003,3.93
10/26/2003,3.79
10/26/2003,3.69
10/27/2003,5.63
10/27/2003,5.43
10/27/2003,5.23
10/27/2003,5.04
10/27/2003,4.86
10/27/2003,4.68
10/27/2003,4.51
10/27/2003,4.31
10/27/2003,4.16
10/27/2003,4.01
10/27/2003,3.86
10/27/2003,3.72
10/27/2003,3.59
10/28/2003,4.9
10/28/2003,4.73
10/28/2003,4.51
10/28/2003,4.35
10/28/2003,4.19
10/28/2003,4.04
10/28/2003,3.9
10/28/2003,3.76
10/28/2003,3.62
10/28/2003,3.49
10/28/2003,4.86
10/28/2003,4.64
10/28/2003,3.38
10/29/2003,4.43
10/29/2003,4.23
10/29/2003,4.08
10/29/2003,3.93
10/29/2003,3.79
10/29/2003,3.65
10/29/2003,3.52
10/29/2003,5.95
10/29/2003,5.74
10/29/2003,5.04
10/29/2003,4.82
10/29/2003,4.64
10/29/2003,3.42
10/30/2003,6.17
10/30/2003,5.53
10/30/2003,5.33
10/30/2003,4.43
10/30/2003,4.27
10/30/2003,4.12
10/30/2003,3.97
10/30/2003,3.82
10/30/2003,3.69
10/30/2003,3.55
10/30/2003,5.95
10/30/2003,5.74
10/30/2003,5.14
10/30/2003,4.95
10/30/2003,4.77
10/30/2003,4.6
10/30/2003,6.41
10/30/2003,6.12
10/30/2003,5.53
10/30/2003,5.28
10/30/2003,4.43
10/30/2003,4.23
10/30/2003,4.08
10/30/2003,3.93
10/30/2003,3.81
10/31/2003,5.84
10/31/2003,5.04
10/31/2003,4.81
10/31/2003,4.68
10/31/2003,6.9
10/31/2003,6.65
10/31/2003,6.41
10/31/2003,6.17
10/31/2003,5.53
10/31/2003,5.33
11/1/2003,7.15
11/1/2003,5.95
11/1/2003,5.74
11/1/2003,5.14
11/1/2003,4.95
11/1/2003,4.81
11/1/2003,6.9
11/1/2003,6.65
11/1/2003,6.41
11/1/2003,6.17
11/1/2003,5.53
11/1/2003,5.33
11/1/2003,7.09
11/1/2003,6.03
11/2/2003,6.77
11/2/2003,6.52
11/2/2003,6.29
11/2/2003,7.02
11/3/2003,6.77
11/3/2003,6.46
11/2/2003,6.35
11/3/2003,7.15
11/3/2003,7.99
11/3/2003,7.63
11/3/2003,7.35
11/3/2003,6.9
11/3/2003,6.59
11/3/2003,6.35
11/3/2003,6.12
11/4/2003,8.76
11/4/2003,8.29
11/4/2003,7.99
11/4/2003,7.7
11/4/2003,7.42
11/4/2003,7.15
11/4/2003,6.9
11/4/2003,6.65
11/4/2003,6.41
11/4/2003,6.23
11/5/2003,8.92
11/5/2003,8.6
11/5/2003,8.29
11/5/2003,7.99
11/5/2003,7.7
11/5/2003,7.42
11/5/2003,7.15
11/5/2003,6.9
11/5/2003,6.65
11/5/2003,6.46
11/5/2003,9.26
11/6/2003,8.76
11/6/2003,8.37
11/6/2003,8.06
11/6/2003,7.77
11/6/2003,7.49
11/6/2003,7.22
11/6/2003,7.02
11/6/2003,9.61
11/6/2003,9.17
11/7/2003,8.76
11/7/2003,8.44
11/7/2003,8.14
11/7/2003,7.84
11/7/2003,7.56
11/7/2003,7.29
11/7/2003,9.78
11/7/2003,9.43
11/7/2003,9.09
11/7/2003,8.76
11/7/2003,8.37
11/7/2003,8.06
11/7/2003,7.77
11/7/2003,7.49
11/7/2003,7.22
11/7/2003,6.96
11/7/2003,6.71
11/8/2003,9.26
11/8/2003,8.92
11/8/2003,8.6
11/8/2003,8.29
11/8/2003,7.99
11/8/2003,7.7
11/8/2003,7.42
11/8/2003,7.15
11/8/2003,6.89
11/8/2003,6.65
11/8/2003,6.43
11/9/2003,6.17
11/8/2003,6
11/9/2003,8.44
11/9/2003,8.14
11/9/2003,7.84
11/9/2003,7.56
11/9/2003,7.29
11/9/2003,7.02
11/9/2003,6.77
11/9/2003,6.52
11/9/2003,6.29
11/9/2003,6
11/9/2003,5.79
11/9/2003,5.58
11/9/2003,7.42
11/9/2003,7.15
11/10/2003,6.89
11/10/2003,6.64
11/10/2003,6.4
11/10/2003,6.12
11/10/2003,5.9
11/10/2003,5.68
11/10/2003,5.48
11/10/2003,5.38
11/10/2003,6.77
11/10/2003,5.23
11/10/2003,5.04
11/11/2003,6.52
11/11/2003,6.23
11/11/2003,6
11/11/2003,5.79
11/11/2003,5.58
11/11/2003,5.38
11/11/2003,5.13
11/11/2003,4.95
11/11/2003,4.81
11/11/2003,6.17
11/12/2003,5.95
11/12/2003,5.73
11/12/2003,5.53
11/12/2003,5.33
11/12/2003,5.13
11/12/2003,4.9
11/12/2003,4.73
11/12/2003,5.63
11/12/2003,5.43
11/13/2003,5.18
11/13/2003,4.99
11/13/2003,4.81
11/13/2003,4.66
11/14/2003,5.09
11/14/2003,4.9
11/14/2003,4.73
11/14/2003,4.55
11/14/2003,4.9
11/14/2003,4.73
11/14/2003,4.55
11/14/2003,4.41
11/15/2003,4.86
11/15/2003,4.64
11/15/2003,4.47
11/15/2003,4.39
11/16/2003,7.84
11/16/2003,7.49
11/16/2003,6.89
11/16/2003,6.64
11/16/2003,5.95
11/16/2003,5.73
11/16/2003,5.04
11/16/2003,4.81
11/16/2003,4.64
11/16/2003,4.47
11/16/2003,4.39
11/16/2003,8.6
11/16/2003,8.29
11/16/2003,7.15
11/16/2003,6.4
11/16/2003,6.17
11/16/2003,5.53
11/16/2003,5.33
11/17/2003,7.99
11/17/2003,7.7
11/17/2003,7.42
11/17/2003,6.89
11/17/2003,6.64
11/17/2003,5.95
11/17/2003,5.73
11/17/2003,5.13
11/17/2003,4.95
11/17/2003,4.77
11/17/2003,4.6
11/17/2003,4.47
11/17/2003,16.69
11/17/2003,15.94
11/17/2003,15.36
11/17/2003,14.81
11/17/2003,14.27
11/17/2003,13.75
11/17/2003,13.26
11/17/2003,12.78
11/17/2003,12.31
11/17/2003,11.87
11/17/2003,11.44
11/17/2003,11.03
11/17/2003,10.63
11/17/2003,10.24
11/17/2003,9.87
11/17/2003,9.52
11/17/2003,9.17
11/17/2003,8.84
11/17/2003,8.52
11/17/2003,8.21
11/17/2003,7.15
11/17/2003,6.4
11/17/2003,6.12
11/17/2003,5.53
11/17/2003,5.28
11/18/2003,7.84
11/18/2003,7.56
11/18/2003,6.77
11/18/2003,5.84
11/18/2003,5.04
11/18/2003,4.86
11/18/2003,4.7
11/18/2003,19.7
11/18/2003,18.99
11/18/2003,17.31
11/18/2003,16.69
11/18/2003,15.65
11/18/2003,15.08
11/18/2003,14.53
11/18/2003,14.01
11/18/2003,13.5
11/18/2003,13.01
11/18/2003,12.54
11/18/2003,12.09
11/18/2003,11.65
11/18/2003,11.23
11/18/2003,10.82
11/18/2003,10.43
11/18/2003,10.06
11/18/2003,9.69
11/18/2003,9.34
11/18/2003,9
11/18/2003,8.68
11/18/2003,8.36
11/18/2003,8.06
11/18/2003,7.28
11/18/2003,6.96
11/18/2003,6.52
11/18/2003,6.23
11/18/2003,6
11/18/2003,5.63
11/18/2003,5.38
11/18/2003,5.18
11/18/2003,20.44
11/18/2003,18.3
11/18/2003,7.7
11/18/2003,4.95
11/18/2003,4.81
11/19/2003,19.7
11/19/2003,18.98
11/19/2003,17.64
11/19/2003,17
11/19/2003,16.46
11/19/2003,15.5
11/19/2003,14.8
11/19/2003,14.27
11/19/2003,13.75
11/19/2003,13.26
11/19/2003,12.78
11/19/2003,12.31
11/19/2003,11.87
11/19/2003,11.44
11/19/2003,11.03
11/19/2003,10.63
11/19/2003,10.24
11/19/2003,9.87
11/19/2003,9.51
11/19/2003,9.17
11/19/2003,8.84
11/19/2003,8.52
11/19/2003,8.29
11/19/2003,7.99
11/19/2003,7.42
11/19/2003,7.15
11/19/2003,6.89
11/19/2003,6.64
11/19/2003,6.4
11/19/2003,6.17
11/19/2003,5.95
11/19/2003,5.73
11/19/2003,5.53
11/19/2003,5.33
11/19/2003,5.13
11/19/2003,21.2
11/19/2003,20.44
11/19/2003,18.3
11/20/2003,19.7
11/20/2003,18.81
11/20/2003,17.64
11/20/2003,16.84
11/20/2003,16.23
11/20/2003,15.72
11/20/2003,15.08
11/20/2003,14.53
11/20/2003,14.01
11/20/2003,13.5
11/20/2003,13.01
11/20/2003,12.54
11/19/2003,12.2
11/19/2003,11.76
11/19/2003,11.33
11/19/2003,10.92
11/19/2003,10.53
11/20/2003,10.06
11/20/2003,9.69
11/20/2003,9.34
11/20/2003,9
11/20/2003,8.72
11/19/2003,8.44
11/20/2003,20.62
11/21/2003,19.7
11/20/2003,18.81
11/20/2003,18.13
11/20/2003,17.47
11/20/2003,16.84
11/20/2003,16.31
11/20/2003,15.94
11/20/2003,14.67
11/20/2003,14.14
11/20/2003,13.63
11/20/2003,13.13
11/20/2003,12.66
11/21/2003,18.81
11/21/2003,18.13
11/21/2003,17.55
11/21/2003,14.67
11/21/2003,14.14
11/21/2003,13.63
11/21/2003,13.13
11/21/2003,12.66
11/21/2003,12.2
11/21/2003,11.76
11/21/2003,11.33
11/22/2003,10.99
11/22/2003,14.27
11/22/2003,13.75
11/22/2003,13.25
11/22/2003,12.78
11/22/2003,12.31
11/22/2003,11.87
11/22/2003,11.44
11/22/2003,9.96
11/22/2003,9.69
11/23/2003,10.92
11/22/2003,10.43
11/23/2003,13.88
11/23/2003,13.38
11/23/2003,12.89
11/23/2003,12.43
11/23/2003,11.98
11/23/2003,11.54
11/23/2003,9.96
11/23/2003,9.6
11/23/2003,11.13
11/23/2003,10.72
11/23/2003,10.34
11/23/2003,9.25
11/23/2003,8.92
11/23/2003,12.89
11/23/2003,12.43
11/23/2003,11.98
11/24/2003,11.54
11/24/2003,9.96
11/24/2003,9.6
11/24/2003,8.64
11/24/2003,11.13
11/24/2003,10.63
11/24/2003,10.24
11/24/2003,9.25
11/24/2003,8.84
11/24/2003,7.84
11/24/2003,9.78
11/24/2003,8.44
11/24/2003,8.06
11/24/2003,7.66
11/25/2003,11.13
11/25/2003,10.72
11/25/2003,10.34
11/25/2003,9.25
11/25/2003,8.84
11/25/2003,9.78
11/25/2003,8.44
11/25/2003,8.13
11/25/2003,7.84
11/25/2003,7.56
11/25/2003,7.28
11/25/2003,7.02
11/26/2003,9.43
11/26/2003,9
11/26/2003,8.68
11/26/2003,8.29
11/26/2003,7.99
11/26/2003,7.7
11/26/2003,7.42
11/26/2003,7.15
11/26/2003,6.96
11/26/2003,8.92
11/26/2003,8.6
11/27/2003,8.29
11/27/2003,7.99
11/27/2003,7.7
11/27/2003,7.42
11/27/2003,7.15
11/27/2003,6.89
11/27/2003,13.88
11/27/2003,13.25
11/27/2003,12.77
11/27/2003,12.31
11/27/2003,11.87
11/27/2003,11.44
11/27/2003,11.02
11/27/2003,10.62
11/27/2003,10.24
11/27/2003,9.87
11/27/2003,9.51
11/27/2003,9.17
11/27/2003,8.84
11/27/2003,8.52
11/27/2003,6.73
11/28/2003,8.13
11/28/2003,7.77
11/28/2003,7.49
11/28/2003,7.22
11/28/2003,6.96
11/28/2003,19.33
11/28/2003,18.72
11/28/2003,14.4
11/28/2003,13.94
11/28/2003,12.31
11/28/2003,11.87
11/28/2003,11.44
11/28/2003,11.02
11/28/2003,10.62
11/28/2003,10.24
11/28/2003,9.87
11/28/2003,9.51
11/28/2003,9.17
11/28/2003,8.84
11/28/2003,8.52
11/28/2003,6.7
11/28/2003,17.96
11/28/2003,17.15
11/28/2003,16.53
11/28/2003,15.93
11/28/2003,15.36
11/28/2003,14.8
11/28/2003,8.13
11/28/2003,7.77
11/28/2003,7.49
11/28/2003,7.22
11/28/2003,6.99
11/29/2003,19.69
11/29/2003,18.81
11/29/2003,14.4
11/29/2003,11.87
11/29/2003,11.44
11/29/2003,11.02
11/29/2003,10.62
11/29/2003,10.24
11/29/2003,9.87
11/29/2003,9.51
11/29/2003,9.17
11/29/2003,8.84
11/29/2003,8.52
11/29/2003,17.96
11/29/2003,17.15
11/29/2003,16.53
11/29/2003,15.93
11/29/2003,15.36
11/29/2003,14.8
11/30/2003,20.43
11/30/2003,19.51
11/30/2003,18.81
11/29/2003,11.76
11/29/2003,11.33
11/29/2003,10.92
11/29/2003,10.53
11/29/2003,10.15
11/29/2003,9.78
11/29/2003,9.43
11/29/2003,9.08
11/29/2003,8.76
11/29/2003,8.44
11/30/2003,17.96
11/30/2003,17.31
11/30/2003,16.68
11/30/2003,16.08
11/30/2003,15.5
11/30/2003,14.94
11/30/2003,14.4
11/30/2003,21.39
11/30/2003,20.62
11/30/2003,19.87
11/30/2003,19.16
11/30/2003,18.46
11/30/2003,14.07
12/1/2003,17.63
12/1/2003,16.99
12/1/2003,16.38
12/1/2003,15.79
12/1/2003,15.22
12/1/2003,14.66
12/1/2003,20.43
12/1/2003,19.69
12/1/2003,18.98
12/1/2003,18.29
12/2/2003,17.63
12/2/2003,16.84
12/2/2003,16.23
12/2/2003,15.64
12/2/2003,15.08
12/2/2003,14.53
12/2/2003,19.87
12/2/2003,19.15
12/2/2003,18.46
12/2/2003,17.63
12/2/2003,16.84
12/2/2003,16.23
12/2/2003,15.64
12/2/2003,15.08
12/2/2003,14.53
12/2/2003,14.07
12/3/2003,19.33
12/3/2003,18.63
12/3/2003,16.99
12/3/2003,16.38
12/3/2003,15.79
12/3/2003,15.21
12/3/2003,14.73
12/3/2003,13.37
12/3/2003,12.95
12/4/2003,13.37
12/4/2003,12.89
12/4/2003,12.48
12/4/2003,12.14
12/5/2003,13.01
12/5/2003,12.54
12/5/2003,11.97
12/5/2003,11.54
12/5/2003,12.65
12/6/2003,11.86
12/6/2003,11.43
12/6/2003,11.23
12/6/2003,10.92
12/6/2003,10.43
12/6/2003,10.1
12/7/2003,11.54
12/7/2003,10.72
12/7/2003,10.33
12/7/2003,9.96
12/7/2003,9.6
12/7/2003,9.25
12/7/2003,8.92
12/7/2003,8.59
12/7/2003,8.28
12/7/2003,7.98
12/7/2003,7.69
12/8/2003,10.72
12/8/2003,10.33
12/8/2003,9.96
12/8/2003,9.6
12/8/2003,9.25
12/8/2003,8.92
12/8/2003,8.59
12/8/2003,8.28
12/8/2003,7.98
12/8/2003,7.69
12/8/2003,7.45
12/8/2003,6.89
12/8/2003,6.64
12/8/2003,7.15
12/8/2003,6.42
12/9/2003,10.43
12/9/2003,10.05
12/9/2003,9.69
12/9/2003,9.34
12/9/2003,9
12/9/2003,8.67
12/9/2003,8.36
12/9/2003,8.06
12/9/2003,7.77
12/9/2003,7.49
12/9/2003,6.76
12/9/2003,7.15
12/9/2003,6.4
12/9/2003,6.11
12/10/2003,10.05
12/10/2003,9.69
12/10/2003,9.34
12/10/2003,9
12/10/2003,8.71
12/10/2003,8.36
12/10/2003,8.06
12/10/2003,7.77
12/10/2003,7.48
12/10/2003,6.76
12/10/2003,7.15
12/10/2003,6.42
12/10/2003,6.23
12/10/2003,8.06
12/10/2003,7.77
12/10/2003,7.48
12/10/2003,6.76
12/11/2003,7.15
12/11/2003,6.4
12/11/2003,7.77
12/11/2003,7.48
12/11/2003,6.76
12/11/2003,6.06
12/11/2003,5.81
12/12/2003,7.15
12/12/2003,6.4
12/12/2003,7.69
12/12/2003,7.42
12/12/2003,6.89
12/12/2003,6.64
12/12/2003,6.17
12/12/2003,5.95
12/12/2003,5.73
12/12/2003,7.15
12/12/2003,6.4
12/12/2003,5.52
12/12/2003,5.32
12/12/2003,5.13
12/12/2003,4.99
12/13/2003,7.42
12/13/2003,6.83
12/13/2003,6.58
12/13/2003,6.17
12/13/2003,5.89
12/13/2003,5.68
12/13/2003,5.42
12/13/2003,5.23
12/13/2003,5.04
12/13/2003,4.85
12/14/2003,6.7
12/13/2003,6.52
12/14/2003,6.28
12/14/2003,6.06
12/14/2003,5.84
12/14/2003,5.63
12/14/2003,5.42
12/14/2003,5.18
12/14/2003,5.01
12/14/2003,4.9
12/14/2003,6.11
12/14/2003,5.89
12/14/2003,5.68
12/15/2003,5.42
12/15/2003,5.18
12/15/2003,4.99
12/15/2003,5.89
12/15/2003,5.68
12/15/2003,4.77
12/15/2003,4.59
12/15/2003,5.42
12/15/2003,5.23
12/15/2003,5.04
12/16/2003,5.84
12/16/2003,5.62
12/16/2003,4.85
12/16/2003,4.68
12/16/2003,4.51
12/16/2003,5.42
12/16/2003,5.23
12/16/2003,5.04
12/16/2003,4.35
12/16/2003,4.21
12/16/2003,5.62
12/17/2003,4.85
12/17/2003,4.64
12/17/2003,4.47
12/17/2003,5.13
12/17/2003,4.27
12/17/2003,4.11
12/17/2003,4
12/17/2003,4.94
12/17/2003,4.77
12/17/2003,4.59
12/17/2003,4.43
12/18/2003,4.27
12/18/2003,4.07
12/18/2003,3.93
12/18/2003,3.86
12/18/2003,4.68
12/18/2003,4.47
12/19/2003,4.27
12/19/2003,4.11
12/19/2003,3.96
12/19/2003,3.86
12/19/2003,5.32
12/19/2003,5.08
12/19/2003,4.9
12/19/2003,4.72
12/19/2003,4.55
12/19/2003,4.39
12/19/2003,4.19
12/19/2003,4.04
12/19/2003,3.89
12/20/2003,5.84
12/20/2003,5.62
12/20/2003,5.42
12/20/2003,5.22
12/20/2003,5.04
12/20/2003,4.85
12/20/2003,4.68
12/20/2003,4.51
12/20/2003,4.35
12/20/2003,4.19
12/20/2003,4.02
12/21/2003,5.94
12/21/2003,5.68
12/21/2003,5.47
12/21/2003,5.27
12/21/2003,5.08
12/21/2003,4.9
12/21/2003,4.72
12/21/2003,4.55
12/21/2003,4.41
12/21/2003,6.11
12/21/2003,5.89
12/21/2003,5.68
12/21/2003,5.47
12/21/2003,5.27
12/21/2003,5.08
12/21/2003,4.9
12/21/2003,4.72
12/21/2003,4.55
12/21/2003,4.41
12/22/2003,5.89
12/22/2003,5.68
12/22/2003,5.47
12/22/2003,5.27
12/22/2003,5.08
12/22/2003,4.9
12/22/2003,4.72
12/22/2003,4.55
12/22/2003,4.41
12/23/2003,5.68
12/23/2003,5.47
12/23/2003,5.27
12/23/2003,5.08
12/23/2003,4.9
12/23/2003,4.72
12/23/2003,4.55
12/23/2003,4.39
12/23/2003,4.25
12/24/2003,6.89
12/24/2003,6.64
12/24/2003,5.94
12/24/2003,5.73
12/24/2003,5.52
12/24/2003,5.32
12/24/2003,5.13
12/24/2003,4.94
12/24/2003,4.76
12/24/2003,4.59
12/24/2003,4.43
12/24/2003,4.27
12/24/2003,7.69
12/24/2003,7.41
12/24/2003,7.15
12/24/2003,6.4
12/24/2003,6.17
12/25/2003,6.89
12/25/2003,6.64
12/25/2003,5.94
12/25/2003,5.73
12/25/2003,5.52
12/25/2003,5.32
12/25/2003,5.13
12/25/2003,4.94
12/25/2003,4.76
12/25/2003,4.59
12/25/2003,4.43
12/24/2003,4.27
12/25/2003,15.21
12/25/2003,14.52
12/25/2003,14
12/25/2003,13.49
12/25/2003,13
12/25/2003,12.53
12/25/2003,12.08
12/25/2003,11.64
12/25/2003,11.22
12/25/2003,10.81
12/25/2003,10.42
12/25/2003,10.05
12/25/2003,9.68
12/25/2003,9.33
12/25/2003,9
12/25/2003,8.67
12/25/2003,8.36
12/25/2003,8.09
12/25/2003,7.35
12/25/2003,7.08
12/25/2003,6.4
12/25/2003,6.11
12/26/2003,6.76
12/26/2003,5.83
12/25/2003,5.57
12/25/2003,5.37
12/25/2003,5.18
12/25/2003,4.99
12/25/2003,4.81
12/25/2003,4.63
12/25/2003,4.49
12/25/2003,4.39
12/26/2003,19.68
12/26/2003,18.97
12/26/2003,15.78
12/26/2003,15.21
12/26/2003,14.66
12/26/2003,14.13
12/26/2003,13.62
12/26/2003,13.12
12/26/2003,12.65
12/26/2003,12.19
12/26/2003,11.75
12/26/2003,11.32
12/26/2003,10.91
12/26/2003,10.52
12/26/2003,10.14
12/26/2003,9.77
12/26/2003,9.42
12/26/2003,9.08
12/26/2003,8.75
12/26/2003,8.43
12/26/2003,8.2
12/26/2003,7.08
12/26/2003,6.4
12/26/2003,6.11
12/26/2003,24.55
12/26/2003,23.66
12/26/2003,22.8
12/26/2003,21.98
12/26/2003,21.18
12/26/2003,20.42
12/26/2003,18.28
12/26/2003,17.62
12/26/2003,16.98
12/26/2003,16.37
12/26/2003,6.76
12/26/2003,5.83
12/26/2003,5.57
12/26/2003,5.37
12/26/2003,5.18
12/26/2003,4.99
12/26/2003,4.81
12/26/2003,4.66
12/26/2003,4.55
12/27/2003,19.68
12/27/2003,18.79
12/27/2003,15.78
12/27/2003,15.07
12/27/2003,14.52
12/27/2003,14
12/27/2003,13.49
12/27/2003,13
12/27/2003,12.53
12/27/2003,12.08
12/27/2003,11.64
12/27/2003,11.22
12/27/2003,10.81
12/27/2003,10.42
12/27/2003,10.05
12/27/2003,9.68
12/27/2003,9.33
12/27/2003,9
12/27/2003,8.67
12/27/2003,8.39
12/26/2003,6.4
12/26/2003,6.17
12/27/2003,33.57
12/27/2003,32.06
12/27/2003,30.9
12/27/2003,29.79
12/27/2003,28.71
12/27/2003,27.67
12/27/2003,26.67
12/27/2003,25.7
12/27/2003,24.77
12/27/2003,23.88
12/27/2003,23.01
12/27/2003,22.18
12/27/2003,21.38
12/27/2003,20.61
12/27/2003,17.95
12/27/2003,17.14
12/27/2003,16.52
12/28/2003,19.68
12/27/2003,18.79
12/28/2003,15.78
12/27/2003,15.07
12/27/2003,14.66
12/27/2003,14.13
12/27/2003,13.61
12/27/2003,13.12
12/27/2003,12.65
12/27/2003,12.19
12/27/2003,11.75
12/27/2003,11.32
12/27/2003,10.91
12/27/2003,10.52
12/27/2003,10.05
12/27/2003,9.68
12/27/2003,9.33
12/27/2003,8.99
12/27/2003,8.71
12/27/2003,8.43
12/28/2003,34.83
12/28/2003,33.57
12/28/2003,32.36
12/28/2003,31.19
12/28/2003,30.06
12/28/2003,28.97
12/28/2003,27.93
12/28/2003,26.92
12/28/2003,25.94
12/28/2003,25
12/28/2003,24.1
12/28/2003,23.23
12/28/2003,22.39
12/28/2003,21.58
12/28/2003,20.8
12/28/2003,17.95
12/28/2003,17.3
12/28/2003,16.67
12/28/2003,37.5
12/28/2003,36.14
12/28/2003,20.04
12/28/2003,19.32
12/28/2003,18.62
12/28/2003,16.07
12/28/2003,15.49
12/28/2003,15.07
12/29/2003,34.83
12/29/2003,33.57
12/29/2003,32.36
12/29/2003,31.19
12/29/2003,30.06
12/29/2003,28.97
12/29/2003,27.93
12/29/2003,26.91
12/29/2003,25.94
12/29/2003,25
12/29/2003,24.1
12/28/2003,23.23
12/28/2003,22.39
12/28/2003,21.58
12/28/2003,20.8
12/28/2003,17.95
12/28/2003,17.3
12/28/2003,16.67
12/29/2003,38.9
12/29/2003,37.5
12/29/2003,36.14
12/30/2003,34.83
12/29/2003,33.26
12/29/2003,32.06
12/29/2003,30.9
12/29/2003,29.78
12/29/2003,28.84
12/29/2003,27.92
12/29/2003,26.91
12/29/2003,25.94
12/29/2003,25
12/29/2003,24.32
12/30/2003,37.84
12/30/2003,36.47
12/30/2003,34.83
12/30/2003,33.26
12/30/2003,32.06
12/30/2003,30.9
12/30/2003,30.06
12/30/2003,36.81
12/31/2003,35.48
12/31/2003,34.2
12/31/2003,32.96
12/31/2003,31.77
12/31/2003,30.62
12/31/2003,29.51
12/31/2003,29.51
