data,lahti ,porvo,Mäntsälä,,,flow
1/31/2001,35.46,42.06,40.02,,,143.99
2/28/2001,41.26,53.1,51.26,,,170.04
3/31/2001,41.82,31.66,34.52,,,184.53
4/30/2001,21.7,41.16,30.88,,,1033.73
5/31/2001,31.5,22.76,25.2,,,293.77
6/30/2001,93.22,107.6,110.26,,,449.69
7/31/2001,56.26,58.56,87.12,,,132.35
8/31/2001,22.22,62.56,32.86,,,87.09
9/30/2001,83.28,81.5,115.72,,,230.81
10/31/2001,58.78,71.9,77.4,,,175.01
11/30/2001,36.34,55.46,54.46,,,516.08
12/31/2001,25.08,29.86,22.08,,,114.23
1/31/2002,57.78,67.7,64.46,,,145.16
2/28/2002,58.3,64.3,68.88,,,678
3/31/2002,36.16,37.76,42.8,,,407.6
4/30/2002,5.8,7.76,5.5,,,930.27
5/31/2002,55.02,16.56,40.86,,,542.08
6/30/2002,104.68,122.3,107.06,,,116.47
7/31/2002,77.26,82.86,85.26,,,262.32
8/31/2002,56.92,7.86,28.6,,,94.09
9/30/2002,22.22,12.94,15.92,,,66.42
10/31/2002,15.46,30.76,25.34,,,59.91
11/30/2002,85.48,82.92,53.06,,,62.52
12/31/2002,11.96,13,11.66,,,67.29
1/31/2003,38.86,44.3,43.66,,,22.54
2/28/2003,8.84,12.8,8.4,,,22.39
3/31/2003,5.18,10.7,6.38,,,112.77
4/30/2003,23.56,30.86,31.96,,,513.05
5/31/2003,81.66,67.82,74.46,,,628.65
6/30/2003,60.58,44.32,36.18,,,131.36
7/31/2003,67.42,59.7,41.86,,,119.55
8/31/2003,63.22,94.26,58.66,,,61.71
9/30/2003,29.38,34.32,23.64,,,37.65
10/31/2003,108.9,71.7,91.58,,,345.15
11/30/2003,39.8,50.5,44.5,,,353.55
12/31/2003,72.88,76.3,76.4,,,451.31
1/31/2004,37.8,38.86,49.3,,,273.4
2/29/2004,41.66,52.76,43.7,,,131.11
3/31/2004,33.78,54.3,40.24,,,227.28
4/30/2004,3.56,10.2,5.76,,,1091.73
5/31/2004,63.58,48.2,42.14,,,284.94
6/30/2004,111.88,115.3,117.04,,,196.58
7/31/2004,161.5,158.16,222.66,,,662.74
8/31/2004,102.48,87,121.88,,,1145.76
9/30/2004,74.22,121.9,92.82,,,668.5
10/31/2004,44.46,63.8,38.66,,,548.79
11/30/2004,48.62,59.7,44.92,,,468.46
12/31/2004,65.98,76.1,68.16,,,548.67
1/31/2005,85.56,100.1,86.36,,,929.5
2/28/2005,12.92,25.1,28.22,,,164.54
3/31/2005,5.06,8.92,6.06,,,80.85
4/30/2005,13.1,9.06,12.52,,,752.25
5/31/2005,56.92,72.62,58.02,,,295.38
6/30/2005,81.08,100.32,87.5,,,298.18
7/31/2005,54.26,48.66,48.76,,,105.97
8/31/2005,119.92,133.8,149.66,,,408.77
9/30/2005,28,26.36,31.66,,,134.19
10/31/2005,31.62,41.36,34.24,,,120.79
11/30/2005,78.6,80.6,74.58,,,319.79
12/31/2005,45.96,36.4,34.22,,,295
1/31/2006,12.5,11.9,13.06,,,190.56
2/28/2006,18.52,22.96,19.98,,,51.14
3/31/2006,31.36,19.86,27.8,,,36.09
4/30/2006,39.92,6.18,30.68,,,959.73
5/31/2006,35.08,31.5,30.34,,,418.61
6/30/2006,37.52,46.7,26.46,,,115.54
7/31/2006,23.16,17.5,12,,,47.16
8/31/2006,39.76,76.4,95.48,,,44.76
9/30/2006,57.4,35.46,33.68,,,82.84
10/31/2006,137.92,28.9,149.88,,,382.97
11/30/2006,56.96,43.56,50.06,,,896.48
12/31/2006,48.48,47.22,37.54,,,693.81
1/31/2007,49.44,92.9,67.28,,,574.48
2/28/2007,19.12,15.3,13.74,,,89.99
3/31/2007,24.2,27.7,24.54,,,474.9
4/30/2007,27.08,34.6,35.92,,,472.1
5/31/2007,44.44,46,50.56,,,238.26
6/30/2007,50.12,54.6,50.64,,,106.46
7/31/2007,131.62,79,78.24,,,126.62
8/31/2007,86.3,87.9,59.88,,,220.75
9/30/2007,83.3,86.5,82.7,,,493.97
10/31/2007,45.58,53.3,35.74,,,484.43
11/30/2007,34.36,66,41.12,,,543.38
12/31/2007,47.1,65.4,56.32,,,815
1/31/2008,70,63.7,59.38,,,688.76
2/29/2008,54.96,48.7,49.44,,,650.48
3/31/2008,53.98,41.6,38.76,,,600.62
4/30/2008,35.6,60.9,33,,,1056.21
5/31/2008,19.04,8.1,13.86,,,158.61
6/30/2008,101.12,131.5,90.06,,,193.84
7/31/2008,50.12,36.3,32.92,,,163.75
8/31/2008,100.04,99.2,51.42,,,109.85
9/30/2008,25.86,30.7,27.06,,,120.04
10/31/2008,110.06,145.7,108.46,,,445.63
11/30/2008,77.42,120.1,71.38,,,855.7
12/31/2008,51.66,48.8,53.86,,,868.94
1/31/2009,36.8,36,28.54,,,250.06
2/28/2009,23.1,18,19.68,,,89.91
3/31/2009,26.9,22.7,28.54,,,69.6
4/30/2009,15.02,8.7,9.98,,,845.86
5/31/2009,56.64,17,24,,,274.28
6/30/2009,42.96,44.6,46.32,,,121.33
7/31/2009,112.36,111.5,106.06,,,176.62
8/31/2009,47.72,69.7,38.26,,,85.55
9/30/2009,27.42,40.8,27.4,,,134.44
10/31/2009,47.72,99.9,61.78,,,310.87
11/30/2009,56.52,83.7,51.76,,,462.52
12/31/2009,40.02,59.4,37.42,,,218.38
1/31/2010,21.56,22.6,22.22,,,59.34
2/28/2010,46.76,44,44.46,,,36.01
3/31/2010,48.02,55.9,41.86,,,47.29
4/30/2010,33.92,56.2,46.76,,,1579.91
5/31/2010,58.56,70.9,66.02,,,576.55
6/30/2010,30.82,31.5,23.86,,,179.16
7/31/2010,11.58,21.4,31.52,,,47.21
8/31/2010,43.02,48.5,55.56,,,53.92
9/30/2010,52.2,59.2,54.16,,,59.54
10/31/2010,30.62,33.3,41.14,,,60.79
11/30/2010,67.18,76,45.7,,,174.11
12/31/2010,34.22,67.6,33.82,,,77.21
1/31/2011,52.52,59.4,56.54,,,40.32
2/28/2011,21.72,26.4,24.96,,,31.63
3/31/2011,26.78,19.4,23.94,,,26.96
4/30/2011,28.38,20.8,22.76,,,1360.61
5/31/2011,29.88,29.8,22.46,,,167.3
6/30/2011,53.26,33.4,52.06,,,95.74
7/31/2011,46.3,53.4,27.32,,,91.21
8/31/2011,43.9,118.7,51.3,,,68.85
9/30/2011,83.9,101.7,98.78,,,134.31
10/31/2011,63.56,71.6,68.18,,,386.39
11/30/2011,36.66,29.7,26.18,,,223.26
12/31/2011,93.36,150.7,141.12,,,1100.68
1/31/2012,68.32,100.1,78,,,408
2/29/2012,57.46,87.3,71,,,276
3/31/2012,44.48,43.3,62.46,,,442
4/30/2012,51.96,63.5,59.2,,,1185
5/31/2012,55.76,57.7,63.6,,,353
6/30/2012,104.72,111.7,97.76,,,262
7/31/2012,52.56,43.9,58.92,,,253
8/31/2012,69.64,31,46.66,,,273
9/30/2012,115.8,130.5,118.9,,,593
10/31/2012,69.36,73.8,68.86,,,703
11/30/2012,45.26,55.8,41.68,,,550
12/31/2012,81.1,80.9,81.56,,,244
1/31/2013,75.72,55.6,47.22,,,188
2/28/2013,15.58,19.3,16.96,,,157
3/31/2013,4,10.2,6.82,,,148
4/30/2013,39.98,47.6,35.16,,,984
5/31/2013,27.72,56.7,33.82,,,176
6/30/2013,68.9,33.8,43.5,,,158
7/31/2013,58.78,55.4,39.2,,,134
8/31/2013,103.7,102,77.36,,,254
9/30/2013,45.76,33.1,39.92,,,163
10/31/2013,134.5,82.3,97.3,,,351
11/30/2013,35.22,43.5,31.82,,,493
12/31/2013,43.46,64,59.66,,,491
1/31/2014,15.98,19.3,15.66,,,278.5
2/28/2014,19.8,14.9,12.26,,,196
3/31/2014,18.7,30.5,29.06,,,355.5
4/30/2014,9.62,17.1,12.22,,,270.4
5/31/2014,55.02,42.9,28.26,,,298.3
6/30/2014,87.76,79.2,81.4,,,249.6
7/31/2014,39.52,33,55.6,,,132
8/31/2014,90.4,110.1,119.1,,,148.4
9/30/2014,49.9,80.1,76.5,,,156.2
10/31/2014,43.32,52.6,43.3,,,189.5
11/30/2014,31.42,36.1,36.3,,,226.9
12/31/2014,61.92,74.3,69.2,,,408.7
1/31/2015,48.7,45.5,56.72,,,285.6
2/28/2015,54.1,61.6,62.9,,,364.5
3/31/2015,33.76,51.9,48.96,,,586.3
4/30/2015,61.98,50.5,56.8,,,443.2
5/31/2015,39,39.6,34.72,,,380.5
6/30/2015,82.62,85.8,81.48,,,230.7
7/31/2015,59.06,79.9,77.68,,,212.6
8/31/2015,48.9,59.8,45,,,188.1
9/30/2015,37.36,35.1,40.9,,,195.8
10/31/2015,16.88,23.3,29.9,,,189.4
11/30/2015,53.5,66.1,55.16,,,292.9
12/31/2015,44.42,35.2,38.96,,,367.3
1/31/2016,33.66,36.1,41.6,,,215.1
2/29/2016,39.26,56.8,58.16,,,448.6
3/31/2016,42.26,71,47.02,,,455.1
4/30/2016,76.12,76.4,69.56,,,584.8
5/31/2016,30.86,55.9,30.76,,,229.6
6/30/2016,81.16,83.4,75.36,,,207.8
7/31/2016,39.1,50.9,71.1,,,276.7
8/31/2016,52.7,58.8,52.32,,,206.1
9/30/2016,17.86,28.9,21.52,,,175.8
10/31/2016,47.26,52.1,38.92,,,203.1
11/30/2016,74.3,85.2,70.92,,,462.8
12/31/2016,18.6,21.9,25.32,,,323.5
1/31/2017,35.3,42.5,41.06,,,219.8
2/28/2017,49.1,39.5,53.3,,,191.2
3/31/2017,49.5,64.3,56.06,,,583.8
4/30/2017,57,66.1,71.26,,,437.7
5/31/2017,27.3,15.4,22.52,,,254.7
6/30/2017,77.8,39.8,54.72,,,278.9
7/31/2017,49.4,51,48.16,,,210
8/31/2017,62.6,55.5,55.56,,,243.8
9/30/2017,44.3,84.9,49.02,,,355.5
10/31/2017,60.3,88.4,89.6,,,816.6
11/30/2017,68.5,133.7,103.7,,,875.7
12/31/2017,118.9,161.5,127.96,,,732.1
1/31/2018,55.3,69.4,61.12,,,540.37
2/28/2018,54.6,43.7,38.98,,,181.86
3/31/2018,24.1,22.8,24.86,,,167.69
4/30/2018,38.1,36.9,49.02,,,953.87
5/31/2018,18,20.1,28.5,,,240.12
6/30/2018,56,42.6,45.92,,,199.46
7/31/2018,15.1,54.6,54.16,,,183.03
8/31/2018,55,82,52.52,,,176.37
9/30/2018,38.7,32.2,43.1,,,203.53
10/31/2018,27.4,29.5,27.94,,,208.82
11/30/2018,22.2,38.6,21.8,,,239.08
12/31/2018,49.3,44.3,55.36,,,218.52
1/31/2019,53.8,46.1,53.1,,,175.7
2/28/2019,40.9,74.2,45.6,,,322.2
3/31/2019,38.1,48.3,42.6,,,673.2
4/30/2019,15.5,24,18.8,,,454.8
5/31/2019,56.4,61.1,89.5,,,308.4
6/30/2019,23.2,29.2,23.1,,,147
7/31/2019,21.4,30.4,24.3,,,144
8/31/2019,71.4,95.2,87.5,,,157.7
9/30/2019,89,82.1,78.8,,,185.2
10/31/2019,53.9,71.6,52,,,415.9
11/30/2019,114.3,130.1,94.6,,,542.6
12/31/2019,61.4,64.6,58.1,,,741.3
1/31/2020,50.2,61.3,46.7,,,431.8
2/29/2020,53.7,76.6,73,,,760.1
3/31/2020,14.1,21.1,22.4,,,489.8
4/30/2020,53.2,56.1,59.6,,,287.1
5/31/2020,51.9,69.1,62.2,,,234.8
6/30/2020,85,127.3,71.1,,,172.5
7/31/2020,45.4,55.2,47,,,278.8
8/31/2020,95.7,61.2,79.2,,,181.6
9/30/2020,25.8,32.4,27.5,,,271.2
10/31/2020,66.1,64.3,67.6,,,423.8
11/30/2020,107.1,116.2,109.2,,,587.1
12/31/2020,81.5,92.7,88.3,,,508.6
